Fecha,Temperatura Exterior (°C),Humedad Exterior (%),Sensación Térmica (°C),Velocidad del Viento (km/h),Dirección del Viento (°),Presión Relativa (hPa),Tasa de Precipitación (mm/h),Radiación Solar (W/m²),Índice UV
2024-12-11 18:35:00,6.0,97.0,6.0,0.0,153.0,1021.34,0.0,0.0,0.0
2024-12-11 18:40:00,6.0,96.0,6.0,0.0,137.0,1021.34,0.0,0.0,0.0
2024-12-11 18:45:00,6.0,96.0,6.0,0.0,121.0,1021.34,0.0,0.0,0.0
2024-12-11 18:50:00,6.0,95.0,6.0,2.25,133.0,1021.34,0.0,0.0,0.0
2024-12-11 18:55:00,6.11,93.0,6.11,1.77,133.0,1021.34,0.0,0.0,0.0
2024-12-11 19:00:00,6.33,91.0,6.33,1.29,136.0,1021.34,0.0,0.0,0.0
2024-12-11 19:05:00,6.44,90.0,6.44,0.16,142.0,1021.34,0.0,0.0,0.0
2024-12-11 19:10:00,6.39,90.0,6.39,0.0,103.0,1021.34,0.0,0.0,0.0
2024-12-11 19:15:00,6.44,89.0,6.44,0.8,131.0,1021.34,0.0,0.0,0.0
2024-12-11 19:20:00,6.61,89.0,6.61,0.0,139.0,1021.34,0.0,0.0,0.0
2024-12-11 19:25:00,6.61,90.0,6.61,0.0,122.0,1021.34,0.0,0.0,0.0
2024-12-11 19:30:00,6.39,92.0,6.39,0.0,99.0,1021.34,0.0,0.0,0.0
2024-12-11 19:35:00,6.28,92.0,6.28,0.97,75.0,1021.34,0.0,0.0,0.0
2024-12-11 19:40:00,6.22,92.0,6.22,0.64,78.0,1021.34,0.0,0.0,0.0
2024-12-11 19:45:00,6.22,92.0,6.22,0.16,107.0,1021.67,0.0,0.0,0.0
2024-12-11 19:50:00,6.22,92.0,6.22,0.16,116.0,1021.34,0.0,0.0,0.0
2024-12-11 19:55:00,6.22,93.0,6.22,0.0,137.0,1021.67,0.0,0.0,0.0
2024-12-11 20:00:00,6.22,94.0,6.22,0.16,169.0,1021.34,0.0,0.0,0.0
2024-12-11 20:05:00,6.17,94.0,6.17,0.8,151.0,1021.34,0.0,0.0,0.0
2024-12-11 20:10:00,6.11,94.0,6.11,0.48,129.0,1021.67,0.0,0.0,0.0
2024-12-11 20:15:00,6.11,94.0,6.11,0.32,112.0,1021.67,0.0,0.0,0.0
2024-12-11 20:20:00,6.06,94.0,6.06,0.0,111.0,1021.67,0.0,0.0,0.0
2024-12-11 20:25:00,6.11,94.0,6.11,0.0,111.0,1021.67,0.0,0.0,0.0
2024-12-11 20:30:00,6.11,95.0,6.11,0.0,155.0,1021.67,0.0,0.0,0.0
2024-12-11 20:35:00,6.06,95.0,6.06,0.0,70.0,1021.67,0.0,0.0,0.0
2024-12-11 20:40:00,6.0,95.0,6.0,0.0,301.0,1021.67,0.0,0.0,0.0
2024-12-11 20:45:00,5.83,96.0,5.83,0.0,17.0,1021.67,0.0,0.0,0.0
2024-12-11 20:50:00,5.72,96.0,5.72,0.0,34.0,1021.67,0.0,0.0,0.0
2024-12-11 20:55:00,5.78,96.0,5.78,0.0,122.0,1021.67,0.0,0.0,0.0
2024-12-11 21:00:00,5.78,97.0,5.78,0.0,174.0,1022.01,0.0,0.0,0.0
2024-12-11 21:05:00,5.72,97.0,5.72,0.0,164.0,1022.01,0.0,0.0,0.0
2024-12-11 21:10:00,5.61,97.0,5.61,0.0,150.0,1022.01,0.0,0.0,0.0
2024-12-11 21:15:00,5.61,97.0,5.61,0.0,150.0,1022.01,0.0,0.0,0.0
2024-12-11 21:20:00,5.56,97.0,5.56,0.0,150.0,1021.67,0.0,0.0,0.0
2024-12-11 21:25:00,5.5,97.0,5.5,0.0,150.0,1022.01,0.0,0.0,0.0
2024-12-11 21:30:00,5.39,97.0,5.39,0.0,150.0,1022.01,0.0,0.0,0.0
2024-12-11 21:35:00,5.44,98.0,5.44,0.0,164.0,1022.01,0.0,0.0,0.0
2024-12-11 21:40:00,5.5,98.0,5.5,0.0,140.0,1022.01,0.0,0.0,0.0
2024-12-11 21:45:00,5.5,98.0,5.5,0.0,112.0,1022.01,0.0,0.0,0.0
2024-12-11 21:50:00,5.5,98.0,5.5,0.48,48.0,1022.01,0.0,0.0,0.0
2024-12-11 21:55:00,5.5,98.0,5.5,0.0,188.0,1022.01,0.0,0.0,0.0
2024-12-11 22:00:00,5.5,98.0,5.5,0.0,190.0,1021.67,0.0,0.0,0.0
2024-12-11 22:05:00,5.5,98.0,5.5,0.0,178.0,1021.67,0.0,0.0,0.0
2024-12-11 22:10:00,5.33,98.0,5.33,0.0,139.0,1022.01,0.0,0.0,0.0
2024-12-11 22:15:00,5.33,98.0,5.33,0.32,186.0,1021.67,0.0,0.0,0.0
2024-12-11 22:20:00,5.5,98.0,5.5,0.0,189.0,1022.01,0.0,0.0,0.0
2024-12-11 22:25:00,5.56,97.0,5.56,0.0,190.0,1022.01,0.0,0.0,0.0
2024-12-11 22:30:00,5.5,98.0,5.5,0.0,199.0,1022.01,0.0,0.0,0.0
2024-12-11 22:35:00,5.5,98.0,5.5,0.0,208.0,1022.01,0.0,0.0,0.0
2024-12-11 22:40:00,5.39,98.0,5.39,0.16,149.0,1022.01,0.0,0.0,0.0
2024-12-11 22:45:00,5.39,98.0,5.39,0.48,112.0,1022.01,0.0,0.0,0.0
2024-12-11 22:50:00,5.5,97.0,5.5,0.0,270.0,1022.01,0.0,0.0,0.0
2024-12-11 22:55:00,5.39,97.0,5.39,0.48,25.0,1022.01,0.0,0.0,0.0
2024-12-11 23:00:00,5.33,97.0,5.33,0.16,41.0,1022.01,0.0,0.0,0.0
2024-12-11 23:05:00,5.39,97.0,5.39,0.0,150.0,1022.01,0.0,0.0,0.0
2024-12-11 23:10:00,5.39,97.0,5.39,0.0,128.0,1022.01,0.0,0.0,0.0
2024-12-11 23:15:00,5.39,97.0,5.39,0.0,127.0,1022.01,0.0,0.0,0.0
2024-12-11 23:20:00,5.39,97.0,5.39,0.0,130.0,1022.35,0.0,0.0,0.0
2024-12-11 23:25:00,5.33,97.0,5.33,0.32,83.0,1022.35,0.0,0.0,0.0
2024-12-11 23:30:00,5.33,97.0,5.33,0.0,129.0,1022.35,0.0,0.0,0.0
2024-12-11 23:35:00,5.33,97.0,5.33,0.0,178.0,1022.01,0.0,0.0,0.0
2024-12-11 23:40:00,5.28,97.0,5.28,0.0,107.0,1022.35,0.0,0.0,0.0
2024-12-11 23:45:00,5.28,97.0,5.28,0.0,219.0,1022.01,0.0,0.0,0.0
2024-12-11 23:50:00,5.22,97.0,5.22,0.0,224.0,1022.35,0.0,0.0,0.0
2024-12-11 23:55:00,5.17,97.0,5.17,0.0,224.0,1022.35,0.0,0.0,0.0
2024-12-12 00:00:00,5.17,97.0,5.17,0.0,224.0,1021.34,0.0,0.0,0.0
2024-12-12 00:05:00,5.22,97.0,5.22,0.32,135.0,1021.0,0.0,0.0,0.0
2024-12-12 00:10:00,5.22,98.0,5.22,0.16,109.0,1021.0,0.0,0.0,0.0
2024-12-12 00:15:00,5.11,98.0,5.11,0.16,146.0,1020.66,0.0,0.0,0.0
2024-12-12 00:20:00,5.11,98.0,5.11,0.0,142.0,1021.0,0.0,0.0,0.0
2024-12-12 00:25:00,5.0,98.0,5.0,0.0,138.0,1021.0,0.0,0.0,0.0
2024-12-12 00:30:00,5.0,98.0,5.0,0.0,208.0,1021.0,0.0,0.0,0.0
2024-12-12 00:35:00,4.94,98.0,4.94,0.0,194.0,1021.0,0.0,0.0,0.0
2024-12-12 00:40:00,4.89,98.0,4.89,1.13,171.0,1020.66,0.0,0.0,0.0
2024-12-12 00:45:00,4.89,99.0,4.89,1.29,165.0,1020.66,0.0,0.0,0.0
2024-12-12 00:50:00,4.89,99.0,4.89,0.16,176.0,1020.66,0.0,0.0,0.0
2024-12-12 00:55:00,4.89,99.0,4.89,0.0,167.0,1021.0,0.0,0.0,0.0
2024-12-12 01:00:00,4.89,99.0,4.89,0.0,165.0,1020.66,0.0,0.0,0.0
2024-12-12 01:05:00,4.83,99.0,4.83,0.16,84.0,1020.66,0.0,0.0,0.0
2024-12-12 01:10:00,4.83,99.0,4.83,0.32,182.0,1020.66,0.0,0.0,0.0
2024-12-12 01:15:00,4.78,99.0,4.78,0.64,168.0,1020.66,0.0,0.0,0.0
2024-12-12 01:20:00,4.78,99.0,4.78,0.0,170.0,1020.66,0.0,0.0,0.0
2024-12-12 01:25:00,4.72,99.0,4.72,0.0,154.0,1020.66,0.0,0.0,0.0
2024-12-12 01:30:00,4.78,99.0,4.78,0.0,143.0,1020.66,0.0,0.0,0.0
2024-12-12 01:35:00,4.78,99.0,4.78,0.32,177.0,1020.66,0.0,0.0,0.0
2024-12-12 01:40:00,4.72,99.0,4.72,0.16,154.0,1020.66,0.0,0.0,0.0
2024-12-12 01:45:00,4.78,99.0,4.78,2.09,148.0,1020.66,0.0,0.0,0.0
2024-12-12 01:50:00,4.78,99.0,4.78,0.0,169.0,1020.66,0.0,0.0,0.0
2024-12-12 01:55:00,4.72,99.0,4.72,0.0,190.0,1020.66,0.0,0.0,0.0
2024-12-12 02:00:00,4.72,99.0,4.72,0.32,127.0,1020.66,0.0,0.0,0.0
2024-12-12 02:05:00,4.67,99.0,4.67,0.0,100.0,1020.66,0.0,0.0,0.0
2024-12-12 02:10:00,4.61,99.0,4.61,0.8,159.0,1020.66,0.0,0.0,0.0
2024-12-12 02:15:00,4.61,99.0,4.61,1.29,137.0,1020.66,0.0,0.0,0.0
2024-12-12 02:20:00,4.5,99.0,4.5,0.0,147.0,1020.66,0.0,0.0,0.0
2024-12-12 02:25:00,4.61,99.0,4.61,0.64,322.0,1020.66,0.0,0.0,0.0
2024-12-12 02:30:00,4.61,99.0,4.61,0.32,35.0,1020.66,0.0,0.0,0.0
2024-12-12 02:35:00,4.61,99.0,4.61,0.0,178.0,1020.66,0.0,0.0,0.0
2024-12-12 02:40:00,4.56,99.0,4.56,0.0,176.0,1020.66,0.0,0.0,0.0
2024-12-12 02:45:00,4.56,99.0,4.56,0.0,186.0,1020.66,0.0,0.0,0.0
2024-12-12 02:50:00,4.5,99.0,4.5,0.0,13.0,1020.66,0.0,0.0,0.0
2024-12-12 02:55:00,4.5,99.0,4.5,0.0,85.0,1020.66,0.0,0.0,0.0
2024-12-12 03:00:00,4.5,99.0,4.5,0.0,153.0,1020.66,0.0,0.0,0.0
2024-12-12 03:05:00,4.5,99.0,4.5,0.0,152.0,1020.66,0.0,0.0,0.0
2024-12-12 03:10:00,4.61,99.0,4.61,0.0,149.0,1020.66,0.0,0.0,0.0
2024-12-12 03:15:00,4.5,99.0,4.5,0.0,158.0,1020.66,0.0,0.0,0.0
2024-12-12 03:20:00,4.5,99.0,4.5,0.0,175.0,1020.66,0.0,0.0,0.0
2024-12-12 03:25:00,4.5,99.0,4.5,0.0,164.0,1020.66,0.0,0.0,0.0
2024-12-12 03:30:00,4.5,99.0,4.5,0.0,185.0,1020.66,0.0,0.0,0.0
2024-12-12 03:35:00,4.5,99.0,4.5,0.0,167.0,1020.66,0.0,0.0,0.0
2024-12-12 03:40:00,4.56,99.0,4.56,0.0,164.0,1020.66,0.0,0.0,0.0
2024-12-12 03:45:00,4.61,99.0,4.61,0.0,100.0,1020.66,0.0,0.0,0.0
2024-12-12 03:50:00,4.61,99.0,4.61,0.0,54.0,1020.66,0.0,0.0,0.0
2024-12-12 03:55:00,4.61,99.0,4.61,0.0,174.0,1020.66,0.0,0.0,0.0
2024-12-12 04:00:00,4.5,99.0,4.5,0.0,176.0,1020.66,0.0,0.0,0.0
2024-12-12 04:05:00,4.5,99.0,4.5,0.0,158.0,1020.66,0.0,0.0,0.0
2024-12-12 04:10:00,4.5,99.0,4.5,0.0,161.0,1020.66,0.0,0.0,0.0
2024-12-12 04:15:00,4.5,99.0,4.5,0.0,176.0,1020.66,0.0,0.0,0.0
2024-12-12 04:20:00,4.5,99.0,4.5,0.0,167.0,1020.66,0.0,0.0,0.0
2024-12-12 04:25:00,4.5,99.0,4.5,0.0,190.0,1020.66,0.0,0.0,0.0
2024-12-12 04:30:00,4.5,99.0,4.5,0.0,173.0,1020.66,0.0,0.0,0.0
2024-12-12 04:35:00,4.5,99.0,4.5,0.0,165.0,1020.66,0.0,0.0,0.0
2024-12-12 04:40:00,4.5,99.0,4.5,0.0,280.0,1020.66,0.0,0.0,0.0
2024-12-12 04:45:00,4.5,99.0,4.5,0.0,210.0,1020.66,0.0,0.0,0.0
2024-12-12 04:50:00,4.5,99.0,4.5,0.0,102.0,1020.66,0.0,0.0,0.0
2024-12-12 04:55:00,4.5,99.0,4.5,0.0,350.0,1020.66,0.0,0.0,0.0
2024-12-12 05:00:00,4.5,99.0,4.5,0.0,18.0,1020.66,0.0,0.0,0.0
2024-12-12 05:05:00,4.39,99.0,4.39,0.0,18.0,1020.66,0.0,0.0,0.0
2024-12-12 05:10:00,4.39,99.0,4.39,0.0,19.0,1020.66,0.0,0.0,0.0
2024-12-12 05:15:00,4.39,99.0,4.39,0.16,185.0,1020.66,0.0,0.0,0.0
2024-12-12 05:20:00,4.39,99.0,4.39,1.29,160.0,1020.66,0.0,0.0,0.0
2024-12-12 05:25:00,4.39,99.0,4.39,0.16,132.0,1020.66,0.0,0.0,0.0
2024-12-12 05:30:00,4.39,99.0,4.39,0.0,125.0,1020.66,0.0,0.0,0.0
2024-12-12 05:35:00,4.39,99.0,4.39,0.0,202.0,1020.66,0.0,0.0,0.0
2024-12-12 05:40:00,4.33,99.0,4.33,0.0,205.0,1020.66,0.0,0.0,0.0
2024-12-12 05:45:00,4.28,99.0,4.28,0.0,162.0,1020.66,0.0,0.0,0.0
2024-12-12 05:50:00,4.22,99.0,4.22,0.0,132.0,1020.66,0.0,0.0,0.0
2024-12-12 05:55:00,4.22,99.0,4.22,0.0,133.0,1020.66,0.0,0.0,0.0
2024-12-12 06:00:00,4.17,99.0,4.17,0.0,140.0,1020.66,0.0,0.0,0.0
2024-12-12 06:05:00,4.17,99.0,4.17,0.0,159.0,1020.66,0.0,0.0,0.0
2024-12-12 06:10:00,4.17,99.0,4.17,0.0,162.0,1020.66,0.0,0.0,0.0
2024-12-12 06:15:00,4.11,99.0,4.11,0.0,151.0,1020.66,0.0,0.0,0.0
2024-12-12 06:20:00,4.06,99.0,4.06,0.0,143.0,1020.66,0.0,0.0,0.0
2024-12-12 06:25:00,4.0,99.0,4.0,0.0,160.0,1020.66,0.0,0.0,0.0
2024-12-12 06:30:00,4.0,99.0,4.0,0.0,144.0,1020.66,0.0,0.0,0.0
2024-12-12 06:35:00,3.89,99.0,3.89,0.0,169.0,1020.66,0.0,0.0,0.0
2024-12-12 06:40:00,3.83,99.0,3.83,0.0,98.0,1020.66,0.0,0.0,0.0
2024-12-12 06:45:00,3.78,99.0,3.78,0.0,126.0,1020.66,0.0,0.0,0.0
2024-12-12 06:50:00,3.83,99.0,3.83,0.0,119.0,1020.32,0.0,0.0,0.0
2024-12-12 06:55:00,3.89,99.0,3.89,0.0,54.0,1020.66,0.0,0.0,0.0
2024-12-12 07:00:00,3.78,99.0,3.78,0.0,116.0,1020.66,0.0,0.0,0.0
2024-12-12 07:05:00,3.56,99.0,3.56,0.0,154.0,1020.66,0.0,0.0,0.0
2024-12-12 07:10:00,3.44,99.0,3.44,1.29,144.0,1020.66,0.0,0.0,0.0
2024-12-12 07:15:00,3.33,99.0,3.33,0.97,184.0,1020.66,0.0,0.0,0.0
2024-12-12 07:20:00,3.17,99.0,3.17,0.0,149.0,1020.66,0.0,0.0,0.0
2024-12-12 07:25:00,3.11,99.0,3.11,0.32,69.0,1020.66,0.0,0.0,0.0
2024-12-12 07:30:00,3.0,99.0,3.0,0.0,164.0,1021.0,0.0,0.0,0.0
2024-12-12 07:35:00,2.94,99.0,2.94,0.0,73.0,1020.66,0.0,0.0,0.0
2024-12-12 07:40:00,2.83,99.0,2.83,1.13,170.0,1021.0,0.0,0.0,0.0
2024-12-12 07:45:00,2.61,99.0,2.61,0.48,125.0,1021.0,0.0,0.0,0.0
2024-12-12 07:50:00,2.61,99.0,2.61,0.0,128.0,1021.0,0.0,0.0,0.0
2024-12-12 07:55:00,2.56,99.0,2.56,0.0,180.0,1021.0,0.0,0.0,0.0
2024-12-12 08:00:00,2.28,99.0,2.28,0.0,168.0,1021.0,0.0,0.0,0.0
2024-12-12 08:05:00,2.28,99.0,2.28,0.0,116.0,1021.0,0.0,0.0,0.0
2024-12-12 08:10:00,2.44,99.0,2.44,0.0,105.0,1021.0,0.0,0.0,0.0
2024-12-12 08:15:00,2.17,99.0,2.17,0.0,173.0,1021.0,0.0,0.0,0.0
2024-12-12 08:20:00,1.89,99.0,1.89,0.0,156.0,1021.34,0.0,0.0,0.0
2024-12-12 08:25:00,1.94,99.0,1.94,0.0,165.0,1021.34,0.0,0.0,0.0
2024-12-12 08:30:00,1.72,99.0,1.72,0.0,158.0,1021.34,0.0,0.0,0.0
2024-12-12 08:35:00,1.5,99.0,1.5,0.0,171.0,1021.67,0.0,1.7,0.0
2024-12-12 08:40:00,1.61,99.0,1.61,0.0,161.0,1021.67,0.0,3.4,0.0
2024-12-12 08:45:00,1.67,99.0,1.67,0.16,86.0,1021.34,0.0,4.8,0.0
2024-12-12 08:50:00,1.78,99.0,1.78,0.0,164.0,1021.67,0.0,7.3,0.0
2024-12-12 08:55:00,1.61,99.0,1.61,0.0,180.0,1021.67,0.0,9.5,0.0
2024-12-12 09:00:00,1.5,99.0,1.5,0.0,128.0,1021.67,0.0,10.8,0.0
2024-12-12 09:05:00,1.61,99.0,1.61,0.0,182.0,1021.67,0.0,13.3,0.0
2024-12-12 09:10:00,1.44,99.0,1.44,0.0,172.0,1021.67,0.0,15.2,0.0
2024-12-12 09:15:00,1.5,99.0,1.5,0.0,160.0,1021.67,0.0,16.4,0.0
2024-12-12 09:20:00,1.5,99.0,1.5,0.0,156.0,1021.67,0.0,18.6,0.0
2024-12-12 09:25:00,1.61,99.0,1.61,0.0,155.0,1021.67,0.0,22.5,0.0
2024-12-12 09:30:00,2.17,99.0,2.17,0.97,151.0,1021.67,0.0,27.3,0.0
2024-12-12 09:35:00,2.67,99.0,2.67,0.0,172.0,1022.01,0.0,28.6,0.0
2024-12-12 09:40:00,3.5,99.0,3.5,0.0,199.0,1022.01,0.0,33.8,0.0
2024-12-12 09:45:00,3.06,99.0,3.06,0.0,180.0,1021.67,0.0,35.1,0.0
2024-12-12 09:50:00,3.44,99.0,3.44,0.0,203.0,1022.01,0.0,37.7,0.0
2024-12-12 09:55:00,3.17,99.0,3.17,0.64,12.0,1022.01,0.0,41.1,0.0
2024-12-12 10:00:00,4.06,99.0,4.06,0.0,151.0,1022.01,0.0,42.9,0.0
2024-12-12 10:05:00,4.39,99.0,4.39,0.0,160.0,1022.01,0.0,45.5,0.0
2024-12-12 10:10:00,4.94,97.0,4.94,0.97,155.0,1022.01,0.0,48.6,0.0
2024-12-12 10:15:00,4.94,94.0,4.94,2.41,162.0,1022.01,0.0,52.0,0.0
2024-12-12 10:20:00,5.0,93.0,5.0,1.61,199.0,1022.01,0.0,58.1,0.0
2024-12-12 10:25:00,5.06,93.0,5.06,0.16,203.0,1022.01,0.0,62.0,0.0
2024-12-12 10:30:00,5.94,91.0,5.94,0.0,143.0,1022.01,0.0,86.2,0.0
2024-12-12 10:35:00,6.06,90.0,6.06,1.77,179.0,1022.01,0.0,89.8,0.0
2024-12-12 10:40:00,6.17,91.0,6.17,1.77,155.0,1022.01,0.0,90.2,0.0
2024-12-12 10:45:00,6.5,90.0,6.5,0.48,168.0,1022.01,0.0,88.8,0.0
2024-12-12 10:50:00,6.44,90.0,6.44,0.64,199.0,1022.01,0.0,87.1,0.0
2024-12-12 10:55:00,6.67,89.0,6.67,0.0,180.0,1022.01,0.0,102.8,1.0
2024-12-12 11:00:00,6.89,89.0,6.89,0.0,133.0,1022.01,0.0,134.8,1.0
2024-12-12 11:05:00,7.39,88.0,7.39,0.0,151.0,1022.35,0.0,132.2,1.0
2024-12-12 11:10:00,7.56,85.0,7.56,0.0,146.0,1022.35,0.0,142.3,1.0
2024-12-12 11:15:00,7.94,84.0,7.94,0.0,156.0,1022.01,0.0,140.9,1.0
2024-12-12 11:20:00,8.28,81.0,8.28,0.0,207.0,1022.01,0.0,140.4,1.0
2024-12-12 11:25:00,8.39,78.0,8.39,0.0,243.0,1022.01,0.0,146.6,1.0
2024-12-12 11:30:00,8.56,79.0,8.56,0.0,238.0,1022.01,0.0,160.5,1.0
2024-12-12 11:35:00,8.67,80.0,8.67,0.0,211.0,1022.01,0.0,157.4,1.0
2024-12-12 11:40:00,9.17,79.0,9.17,0.0,187.0,1022.01,0.0,164.8,1.0
2024-12-12 11:45:00,9.61,78.0,9.61,0.0,207.0,1022.01,0.0,166.5,1.0
2024-12-12 11:50:00,9.56,79.0,9.56,2.25,271.0,1022.01,0.0,170.1,1.0
2024-12-12 11:55:00,9.22,79.0,9.22,2.74,270.0,1022.01,0.0,156.1,1.0
2024-12-12 12:00:00,9.0,78.0,9.0,3.86,272.0,1022.01,0.0,190.4,1.0
2024-12-12 12:05:00,9.06,77.0,9.06,3.06,262.0,1022.01,0.0,190.8,1.0
2024-12-12 12:10:00,9.22,77.0,9.22,3.22,268.0,1022.01,0.0,193.1,1.0
2024-12-12 12:15:00,9.44,77.0,9.44,1.13,236.0,1021.67,0.0,190.4,1.0
2024-12-12 12:20:00,9.67,76.0,9.67,1.93,254.0,1021.67,0.0,221.2,2.0
2024-12-12 12:25:00,9.89,77.0,9.83,3.38,300.0,1021.34,0.0,242.8,2.0
2024-12-12 12:30:00,10.0,76.0,10.0,3.7,294.0,1021.67,0.0,241.1,2.0
2024-12-12 12:35:00,10.0,75.0,10.0,3.38,270.0,1021.34,0.0,228.5,2.0
2024-12-12 12:40:00,10.11,75.0,10.11,2.74,269.0,1021.34,0.0,222.0,2.0
2024-12-12 12:45:00,10.39,76.0,10.39,2.74,288.0,1021.34,0.0,237.2,2.0
2024-12-12 12:50:00,10.5,75.0,10.5,3.22,285.0,1021.34,0.0,248.1,2.0
2024-12-12 12:55:00,10.5,74.0,10.5,3.22,270.0,1021.34,0.0,246.8,2.0
2024-12-12 13:00:00,10.67,72.0,10.67,3.38,278.0,1021.34,0.0,237.2,2.0
2024-12-12 13:05:00,10.89,72.0,10.89,3.38,286.0,1021.0,0.0,239.8,2.0
2024-12-12 13:10:00,11.0,69.0,11.0,4.83,285.0,1021.0,0.0,225.1,2.0
2024-12-12 13:15:00,11.22,69.0,11.22,2.25,252.0,1021.0,0.0,194.8,1.0
2024-12-12 13:20:00,11.39,67.0,11.39,2.9,265.0,1021.0,0.0,185.2,1.0
2024-12-12 13:25:00,11.56,66.0,11.56,3.06,263.0,1020.66,0.0,169.6,1.0
2024-12-12 13:30:00,11.83,65.0,11.83,2.25,263.0,1020.66,0.0,169.6,1.0
2024-12-12 13:35:00,12.06,64.0,12.06,1.93,218.0,1020.66,0.0,179.1,1.0
2024-12-12 13:40:00,12.28,63.0,12.28,3.22,290.0,1020.66,0.0,191.2,1.0
2024-12-12 13:45:00,12.06,62.0,12.06,3.86,277.0,1020.32,0.0,203.8,2.0
2024-12-12 13:50:00,12.17,63.0,12.17,4.18,288.0,1020.32,0.0,203.8,2.0
2024-12-12 13:55:00,12.17,64.0,12.17,3.06,247.0,1020.32,0.0,206.4,2.0
2024-12-12 14:00:00,12.28,65.0,12.28,2.25,270.0,1020.32,0.0,205.2,2.0
2024-12-12 14:05:00,12.39,64.0,12.39,3.06,278.0,1020.32,0.0,199.0,1.0
2024-12-12 14:10:00,12.5,65.0,12.5,2.57,265.0,1020.32,0.0,187.8,1.0
2024-12-12 14:15:00,12.61,64.0,12.61,2.41,281.0,1020.32,0.0,194.8,1.0
2024-12-12 14:20:00,12.89,64.0,12.89,1.77,235.0,1020.32,0.0,190.0,1.0
2024-12-12 14:25:00,13.22,61.0,13.22,1.93,223.0,1019.98,0.0,159.5,1.0
2024-12-12 14:30:00,13.33,62.0,13.33,1.61,248.0,1019.98,0.0,164.3,1.0
2024-12-12 14:35:00,13.22,61.0,13.22,2.57,281.0,1019.98,0.0,167.8,1.0
2024-12-12 14:40:00,13.33,60.0,13.33,2.25,220.0,1019.98,0.0,173.0,1.0
2024-12-12 14:45:00,13.61,62.0,13.61,1.93,255.0,1019.98,0.0,164.3,1.0
2024-12-12 14:50:00,14.17,61.0,14.17,1.29,201.0,1019.98,0.0,155.2,1.0
2024-12-12 14:55:00,14.22,60.0,14.22,2.74,242.0,1019.98,0.0,173.0,1.0
2024-12-12 15:00:00,14.22,61.0,14.22,2.74,222.0,1021.0,0.0,170.1,1.0
2024-12-12 15:05:00,14.39,61.0,14.39,1.45,203.0,1021.0,0.0,170.1,1.0
2024-12-12 15:10:00,14.28,59.0,14.28,1.61,204.0,1020.66,0.0,150.5,1.0
2024-12-12 15:15:00,14.22,62.0,14.22,2.41,264.0,1020.66,0.0,138.7,1.0
2024-12-12 15:20:00,13.39,64.0,13.39,2.57,265.0,1020.66,0.0,137.9,1.0
2024-12-12 15:25:00,13.17,64.0,13.17,3.22,274.0,1020.66,0.0,136.7,1.0
2024-12-12 15:30:00,13.11,66.0,13.11,1.93,264.0,1020.66,0.0,130.9,1.0
2024-12-12 15:35:00,13.83,63.0,13.83,0.8,203.0,1020.66,0.0,112.7,1.0
2024-12-12 15:40:00,14.44,63.0,14.44,0.0,211.0,1020.66,0.0,61.2,0.0
2024-12-12 15:45:00,14.11,65.0,14.11,0.64,280.0,1020.66,0.0,62.4,0.0
2024-12-12 15:50:00,13.78,66.0,13.78,0.16,226.0,1020.66,0.0,105.8,1.0
2024-12-12 15:55:00,13.89,66.0,13.89,0.97,238.0,1020.66,0.0,97.1,0.0
2024-12-12 16:00:00,14.17,68.0,14.17,0.32,227.0,1020.66,0.0,85.4,0.0
2024-12-12 16:05:00,14.72,67.0,14.72,0.0,227.0,1020.66,0.0,71.6,0.0
2024-12-12 16:10:00,14.78,68.0,14.78,0.0,199.0,1020.66,0.0,68.9,0.0
2024-12-12 16:15:00,13.78,70.0,13.78,0.0,245.0,1020.66,0.0,59.3,0.0
2024-12-12 16:20:00,13.5,74.0,13.5,0.48,214.0,1020.66,0.0,48.1,0.0
2024-12-12 16:25:00,12.78,72.0,12.78,0.8,190.0,1020.66,0.0,37.2,0.0
2024-12-12 16:30:00,12.28,74.0,12.28,0.0,216.0,1020.66,0.0,36.8,0.0
2024-12-12 16:35:00,12.17,76.0,12.17,0.0,239.0,1020.66,0.0,36.0,0.0
2024-12-12 16:40:00,11.11,79.0,11.11,0.0,302.0,1021.0,0.0,34.2,0.0
2024-12-12 16:45:00,10.56,81.0,10.56,0.0,310.0,1021.0,0.0,30.7,0.0
2024-12-12 16:50:00,10.44,81.0,10.44,0.0,275.0,1021.0,0.0,29.0,0.0
2024-12-12 16:55:00,10.44,83.0,10.44,0.0,187.0,1021.0,0.0,21.6,0.0
2024-12-12 17:00:00,10.33,83.0,10.33,0.0,187.0,1021.0,0.0,18.1,0.0
2024-12-12 17:05:00,10.06,85.0,10.06,0.0,180.0,1021.0,0.0,14.3,0.0
2024-12-12 17:10:00,9.67,87.0,9.67,0.0,151.0,1021.0,0.0,10.4,0.0
2024-12-12 17:15:00,9.39,87.0,9.39,0.0,148.0,1021.0,0.0,9.5,0.0
2024-12-12 17:20:00,9.17,88.0,9.17,0.0,148.0,1021.0,0.0,7.3,0.0
2024-12-12 17:25:00,8.89,90.0,8.89,0.0,148.0,1021.0,0.0,5.1,0.0
2024-12-12 17:30:00,8.5,91.0,8.5,0.0,148.0,1021.0,0.0,3.8,0.0
2024-12-12 17:35:00,8.17,92.0,8.17,0.0,149.0,1021.0,0.0,2.9,0.0
2024-12-12 17:40:00,7.78,92.0,7.78,0.0,147.0,1021.0,0.0,0.0,0.0
2024-12-12 17:45:00,7.61,93.0,7.61,0.0,158.0,1021.0,0.0,0.4,0.0
2024-12-12 17:50:00,7.39,93.0,7.39,0.0,157.0,1021.0,0.0,0.0,0.0
2024-12-12 17:55:00,7.06,94.0,7.06,0.0,170.0,1021.34,0.0,0.0,0.0
2024-12-12 18:00:00,6.89,95.0,6.89,0.0,145.0,1021.0,0.0,0.0,0.0
2024-12-12 18:05:00,6.83,95.0,6.83,0.0,153.0,1021.34,0.0,0.0,0.0
2024-12-12 18:10:00,6.33,95.0,6.33,0.0,172.0,1021.34,0.0,0.0,0.0
2024-12-12 18:15:00,6.22,96.0,6.22,0.48,138.0,1021.34,0.0,0.0,0.0
2024-12-12 18:20:00,6.33,96.0,6.33,1.77,149.0,1021.34,0.0,0.0,0.0
