Time,Exterior,,,,,,,,Interior,,,,,,Radición solar y UVI,,Precipitaciones,,,,,,,Viento,,,Presión,,,
,Temperature(℃),Temperature Low(℃),Temperature High(℃),Feels Like(℃),Dew Point(℃),Humidity(%),Humidity Low(%),Humidity High(%),Temperature(℃),Temperature Low(℃),Temperature High(℃),Humidity(%),Humidity Low(%),Humidity High(%),Solar(W/m²),UVI,Rain Rate(mm/hr),Daily(mm),Event(mm),Hourly(mm),Weekly(mm),Monthly(mm),Yearly(mm),Wind Speed(km/h),Wind Gust(km/h),Wind Direction(º),Relative(hPa),Relative Low(hPa),Relative High(hPa),Absolute(hPa)
2024-01-01 01:00,"10,7","5,3","16,2","10,7","4,5",69,40,93,"13,9","12,0","24,9",61,41,65,"287,6",2,"0,0","0,0","0,0","0,0","7,1","0,0","6000,0","2,6","33,2",175,"1020,4","1016,0","1023,9","1005,4"
2024-01-02 01:00,"15,0","9,8","17,7","15,0","7,5",63,37,99,"13,2","12,9","14,3",62,60,64,"92,4",0,"1,8","1,8","1,5","0,0","8,9","1,8","6000,0","12,0","53,3",210,"1017,8","1010,2","1023,5","999,2"
2024-01-03 01:00,"10,9","5,3","16,0","10,9","9,5",92,61,99,"13,3","12,7","15,1",65,61,66,"270,6",2,"0,0","0,0","1,5","0,0","8,9","1,8","6000,0","0,8","9,3",147,"1022,7","1019,1","1027,1","1003,6"
2024-01-04 01:00,"11,1","4,3","18,4","11,1","5,9",74,42,98,"13,6","12,3","18,3",63,53,66,"319,2",3,"1,8","0,5","0,5","0,3","9,7","2,6","6000,0","3,8","43,9",171,"1018,7","1015,5","1022,1","999,6"
2024-01-05 01:00,"8,4","6,4","10,4","8,0","5,9",85,71,99,"13,2","12,0","18,8",64,55,65,"389,0",3,"21,6","27,2","24,4","7,4","44,0","36,9","6000,0","4,3","23,8",307,"1020,9","1018,2","1025,7","999,4"
2024-01-06 01:00,"6,5","4,3","8,8","6,3","5,8",96,81,99,"12,3","11,7","13,5",64,62,65,"347,4",3,"27,6","46,7","49,5","0,3","0,3","76,5","6000,0","2,1","23,8",38,"1024,3","1019,3","1031,4","1008,3"
2024-01-07 01:00,"6,0","3,6","10,1","6,0","5,6",97,84,99,"12,0","11,2","17,6",64,56,66,"450,2",4,"12,0","14,2","19,8","0,0","14,2","90,4","6000,0","0,8","11,1",146,"1021,7","1019,0","1024,7","1012,5"
2024-01-08 01:00,"5,5","2,7","11,7","5,5","3,9",90,63,99,"12,5","10,8","25,3",62,39,66,"304,9",2,"4,8","3,8","12,4","0,0","18,0","94,2","6000,0","1,0","9,3",150,"1018,8","1016,9","1020,8","1010,2"
2024-01-09 01:00,"3,5","-0,3","9,0","3,5","2,4",93,74,99,"11,4","10,3","14,9",63,56,65,"382,2",3,"0,0","0,0","0,0","0,0","18,0","94,2","6000,0","0,7","9,3",159,"1018,8","1016,8","1020,7","1008,1"
2024-01-10 01:00,"5,0","2,8","6,6","5,0","4,6",97,92,99,"10,2","9,7","10,5",64,64,65,"72,4",0,"4,8","5,6","3,8","0,0","23,6","99,8","6000,0","0,6","9,3",131,"1020,4","1016,6","1024,4","1008,2"
2024-01-11 01:00,"4,4","2,5","6,1","4,4","4,0",98,91,99,"9,7","9,3","11,0",65,62,65,"239,8",2,"3,6","6,4","6,4","0,2","30,2","106,4","6000,0","0,4","7,2",138,"1023,3","1020,2","1027,0","1013,9"
2024-01-12 01:00,"5,5","0,4","12,5","5,5","4,3",92,68,99,"11,0","9,2","25,1",61,35,66,"290,2",2,"1,8","1,2","2,5","0,0","31,2","107,4","6000,0","1,2","13,0",141,"1019,8","1016,6","1022,9","1013,9"
2024-01-13 01:00,"10,1","0,9","20,0","10,1","4,4",73,36,97,"10,5","8,9","14,7",62,53,65,"271,1",2,"0,0","0,0","0,0","0,0","0,0","107,4","6000,0","4,3","40,4",160,"1017,3","1012,4","1021,1","1007,4"
2024-01-14 01:00,"10,3","6,5","16,5","10,3","9,3",94,67,99,"10,5","10,0","11,4",64,62,65,"204,7",2,"9,0","3,3","3,0","0,0","3,3","110,7","6000,0","1,1","14,8",126,"1018,6","1016,5","1021,0","1003,0"
2024-01-15 01:00,"12,6","9,9","16,0","12,6","12,1",96,85,99,"11,0","10,4","12,5",65,62,66,"374,4",3,"4,8","5,1","4,3","0,0","8,4","115,8","6000,0","1,1","11,1",76,"1018,4","1015,0","1021,7","999,2"
2024-01-16 01:00,"15,0","9,4","20,1","15,0","11,3",80,56,99,"11,5","10,9","13,8",66,63,68,"135,3",1,"1,8","0,3","3,0","0,0","8,7","116,1","6000,0","6,3","51,5",169,"1016,6","1009,1","1021,5","993,6"
2024-01-17 01:00,"17,7","16,8","18,6","17,7","9,3",58,53,65,"13,8","12,4","16,7",65,59,68,"418,1",4,"0,0","0,0","0,0","0,0","8,7","116,1","6000,0","13,4","56,8",216,"1016,3","1005,1","1021,7","981,0"
2024-01-18 01:00,"11,0","6,6","17,2","10,9","7,8",83,55,99,"13,5","12,8","15,5",65,61,67,"238,6",2,"16,8","13,7","13,7","0,0","22,4","129,8","6000,0","6,9","48,0",251,"1028,4","1020,5","1032,7","996,0"
2024-01-19 01:00,"4,6","-1,0","8,0","4,3","0,8",78,46,95,"14,3","12,2","28,9",61,35,67,"308,8",3,"0,0","0,0","13,7","0,0","22,4","129,8","6000,0","3,1","23,8",135,"1027,4","1019,4","1035,7","1006,3"
2024-01-20 01:00,"2,9","-3,1","13,0","2,9","-0,6",80,41,97,"13,3","8,7","29,8",55,29,63,"309,6",3,"0,0","0,0","0,0","0,0","0,0","129,8","6000,0","1,7","11,1",163,"1023,6","1017,1","1028,7","1012,9"
2024-01-21 01:00,"9,4","0,1","20,1","9,4","3,5",69,40,90,"13,4","11,0","28,1",56,32,60,"310,1",3,"0,0","0,0","0,0","0,0","0,0","129,8","6000,0","2,1","29,5",162,"1021,3","1016,3","1026,3","1016,3"
2024-01-22 01:00,"13,7","9,8","19,4","13,7","9,3",77,38,99,"12,4","11,9","13,9",60,57,62,"243,7",2,"1,8","2,3","2,8","0,5","2,8","132,6","6000,0","1,4","20,1",132,"1021,9","1016,4","1028,8","1018,5"
2024-01-23 01:00,"12,6","7,4","21,4","12,6","11,2",92,65,99,"14,1","12,0","25,0",59,41,63,"344,4",3,"1,8","0,7","3,0","0,0","3,0","132,8","6000,0","0,9","9,3",158,"1023,5","1017,6","1029,2","1023,7"
2024-01-24 01:00,"10,5","5,7","19,5","10,5","9,3",93,70,99,"14,9","12,5","28,4",59,35,64,"548,3",5,"1,8","0,3","0,3","0,0","3,3","133,1","6000,0","1,0","11,1",182,"1019,5","1016,6","1021,7","1023,2"
2024-01-25 01:00,"10,7","5,5","18,9","10,7","9,1",91,72,99,"15,2","12,8","29,4",59,35,64,"313,5",3,"1,8","0,3","0,3","0,0","3,6","133,4","6000,0","2,0","16,6",167,"1017,5","1014,4","1020,8","1020,3"
2024-01-26 01:00,"9,9","5,1","17,7","9,9","8,9",94,72,99,"14,6","12,9","24,9",61,42,64,"363,5",3,"1,8","0,3","0,3","0,0","3,9","133,7","6000,0","1,0","11,1",158,"1018,9","1016,6","1021,4","1021,1"
2024-01-27 01:00,"8,7","3,2","17,2","8,7","7,7",94,72,99,"14,3","12,8","23,1",62,47,65,"352,6",3,"0,0","0,0","0,0","0,0","0,0","133,7","6000,0","1,0","7,2",164,"1016,4","1012,8","1020,8","1014,6"
2024-01-28 01:00,"14,7","6,2","24,9","14,7","7,2",69,28,99,"15,0","12,7","26,8",60,40,66,"340,5",3,"1,8","0,3","0,3","0,0","0,3","134,0","6000,0","4,7","31,4",168,"1019,0","1014,4","1024,2","1010,3"
2024-01-29 01:00,"17,5","7,9","24,3","17,5","7,6",56,30,96,"15,7","13,7","21,0",60,51,64,"356,5",3,"0,0","0,0","0,0","0,0","0,3","134,0","6000,0","3,1","25,6",202,"1022,1","1019,4","1024,6","1012,6"
2024-01-30 01:00,"9,8","5,0","18,4","9,8","7,8",89,64,99,"16,4","14,0","30,0",60,36,65,"303,1",2,"0,0","0,0","0,0","0,0","0,3","134,0","6000,0","0,9","13,0",201,"1023,1","1019,0","1026,8","1018,5"
2024-01-31 01:00,"9,2","3,8","18,5","9,2","7,5",90,64,99,"16,4","13,9","29,4",59,36,64,"313,2",3,"0,0","0,0","0,0","0,0","0,3","0,0","6000,0","0,9","9,3",171,"1022,1","1019,6","1023,7","1021,7"
2024-02-01 01:00,"10,0","4,7","13,5","10,0","9,0",93,80,99,"14,5","13,9","16,4",63,59,65,"299,7",2,"1,8","0,3","0,3","0,0","0,6","0,3","6000,0","0,9","11,1",165,"1022,4","1019,6","1026,4","1026,0"
2024-02-02 01:00,"10,0","5,0","14,5","10,0","8,8",93,74,99,"14,3","13,4","16,3",64,60,66,"372,6",3,"0,0","0,0","0,0","0,0","0,6","0,3","6000,0","0,7","9,3",148,"1019,1","1017,7","1020,8","1023,9"
2024-02-03 01:00,"9,2","2,5","16,4","9,2","7,7",91,71,99,"15,3","12,8","29,6",60,35,66,"360,0",3,"1,8","0,3","0,3","0,0","0,0","0,6","6000,0","0,8","7,2",195,"1018,9","1015,8","1022,6","1020,1"
2024-02-04 01:00,"10,0","4,4","15,7","10,0","8,4",90,73,99,"15,1","13,5","21,7",62,49,65,"343,0",3,"0,0","0,0","0,0","0,0","0,0","0,6","6000,0","1,1","11,1",134,"1020,2","1017,5","1022,6","1020,0"
2024-02-05 01:00,"8,5","2,6","14,6","8,5","7,3",92,72,99,"14,5","13,0","21,1",62,49,65,"594,7",5,"1,8","0,3","0,3","0,0","0,3","0,9","6000,0","0,8","9,3",271,"1018,6","1017,4","1020,9","1017,9"
2024-02-06 01:00,"10,4","4,9","17,5","10,4","8,6",90,68,99,"15,5","13,3","27,8",61,39,66,"321,0",3,"0,0","0,0","0,0","0,0","0,3","0,9","6000,0","1,0","11,1",184,"1017,7","1016,3","1021,0","1013,7"
2024-02-07 01:00,"11,9","3,1","18,4","11,9","7,0",75,47,99,"14,0","13,1","15,7",63,60,65,"509,6",4,"0,0","0,0","0,0","0,0","0,3","0,9","6000,0","5,3","40,4",181,"1016,0","1011,9","1020,9","1005,3"
2024-02-08 01:00,"16,4","14,2","18,0","16,4","6,9",54,37,64,"14,1","13,8","15,2",62,59,64,"206,9",14,"1,8","0,3","0,3","0,0","0,6","1,2","6000,0","20,2","97,2",218,"1014,7","1003,6","1021,5","988,5"
2024-02-09 01:00,"14,8","9,3","17,6","14,8","9,0",70,49,99,"14,9","14,1","16,7",60,55,62,"303,6",2,"47,4","40,6","42,2","1,6","42,8","43,4","6000,0","9,1","51,5",212,"1018,0","1015,8","1021,2","975,3"
2024-02-10 01:00,"10,0","7,8","13,2","9,6","5,6",75,52,97,"15,9","14,1","31,3",57,33,62,"407,7",3,"10,8","14,8","55,4","0,0","0,0","56,6","6000,0","8,3","34,9",303,"1024,9","1020,5","1029,8","985,0"
2024-02-11 01:00,"12,3","9,1","17,2","12,2","3,8",57,39,70,"16,3","14,1","29,0",56,36,61,"400,8",3,"0,0","0,0","0,0","0,0","0,0","56,6","6000,0","6,5","38,5",260,"1023,3","1013,6","1032,5","993,7"
2024-02-12 01:00,"11,6","5,6","15,7","11,6","7,5",77,53,97,"15,3","14,3","21,3",59,50,62,"605,6",5,"1,8","0,3","0,3","0,0","0,3","56,9","6000,0","7,4","51,5",248,"1020,7","1012,7","1026,2","999,3"
2024-02-13 01:00,"11,6","3,7","23,0","11,6","8,0",82,47,99,"17,0","13,7","33,9",56,30,62,"446,3",4,"1,2","0,2","0,2","0,0","0,5","57,1","6000,0","1,7","16,6",157,"1023,2","1019,5","1026,1","1007,0"
2024-02-14 01:00,"16,4","6,3","23,6","16,4","10,5",71,44,97,"15,6","14,4","20,5",60,52,62,"326,1",3,"0,0","0,0","0,0","0,0","0,5","57,1","6000,0","3,1","31,4",145,"1019,6","1013,6","1024,2","1006,3"
2024-02-15 01:00,"18,0","11,7","26,0","18,0","11,2",69,33,99,"17,1","15,5","26,5",60,44,63,"549,2",5,"44,4","42,9","49,0","6,1","49,5","106,1","6000,0","4,7","33,2",230,"1018,5","1009,7","1030,3","1000,1"
2024-02-16 01:00,"10,9","4,9","16,1","10,9","9,8",94,70,99,"17,6","15,7","32,4",60,37,64,"586,5",5,"19,8","14,7","56,1","0,0","58,1","114,7","6000,0","1,9","14,8",309,"1027,6","1020,4","1037,1","1013,2"
2024-02-17 01:00,"9,4","3,1","18,9","9,4","7,0",87,52,99,"18,0","14,9","36,0",56,29,63,"478,4",4,"1,8","0,3","1,8","0,0","0,0","115,0","6000,0","1,2","13,0",156,"1023,5","1018,7","1028,5","1020,6"
2024-02-18 01:00,"11,0","4,1","18,9","11,0","8,8",88,54,99,"16,4","14,8","23,4",58,46,62,"483,6",4,"4,8","3,6","3,8","0,2","3,8","118,8","6000,0","1,7","16,6",200,"1021,4","1019,5","1023,8","1023,3"
2024-02-19 01:00,"11,8","6,9","13,6","11,8","11,4",97,91,99,"15,7","15,0","17,1",63,61,65,"348,3",3,"6,0","6,1","9,4","0,0","9,7","124,7","6000,0","0,8","9,3",295,"1020,5","1018,3","1023,0","1024,7"
2024-02-20 01:00,"8,9","2,4","18,0","8,9","7,2",90,65,99,"16,7","14,3","32,8",58,35,64,"479,3",4,"1,8","0,5","0,3","0,0","10,2","125,2","6000,0","1,0","11,1",167,"1017,8","1013,7","1021,2","1019,3"
2024-02-21 01:00,"15,3","12,0","19,3","15,3","10,8",75,45,88,"14,9","14,2","16,1",62,59,64,"239,4",2,"0,0","0,5","0,0","0,0","10,2","125,2","6000,0","1,5","16,6",112,"1017,6","1013,3","1020,7","1007,2"
2024-02-22 01:00,"13,9","6,0","19,7","13,6","6,6",65,37,96,"14,8","14,0","16,7",60,56,63,"444,6",4,"10,8","14,5","14,5","0,0","24,7","139,7","6000,0","10,8","55,0",251,"1020,0","1009,5","1028,1","996,5"
2024-02-23 01:00,"7,8","4,0","10,9","7,0","3,4",74,57,91,"14,0","13,1","15,5",58,56,60,"585,1",5,"7,2","5,1","3,1","2,5","32,3","147,3","6000,0","6,3","33,2",297,"1019,2","1017,6","1021,5","995,3"
2024-02-24 01:00,"7,8","4,0","11,4","7,0","4,5",80,64,93,"13,7","12,6","20,8",57,45,59,"656,7",6,"12,0","19,0","17,0","1,5","1,5","165,3","6000,0","6,8","48,0",277,"1021,7","1017,9","1026,6","998,1"
2024-02-25 01:00,"13,2","9,5","17,4","13,1","8,6",74,56,96,"13,2","12,7","14,2",61,58,63,"288,0",2,"10,8","21,6","11,9","0,0","21,6","185,4","6000,0","8,4","46,0",237,"1017,8","1011,7","1021,9","989,2"
2024-02-26 01:00,"8,4","6,8","11,6","6,7","6,3",87,76,96,"12,5","12,0","13,0",63,62,63,"111,4",1,"18,6","53,9","26,4","0,0","75,5","239,3","6000,0","11,4","43,9",302,"1024,4","1020,4","1032,1","995,4"
2024-02-27 01:00,"8,8","6,4","11,2","8,1","5,5",80,65,96,"12,5","11,8","14,9",61,56,63,"624,2",6,"24,0","17,5","17,2","0,3","93,6","257,4","6000,0","7,9","34,9",312,"1023,2","1020,2","1028,8","1011,7"
2024-02-28 01:00,"8,8","6,5","10,7","8,7","8,0",95,76,99,"11,9","11,5","12,4",63,62,64,"174,3",1,"6,0","9,9","5,3","0,0","103,2","267,0","6000,0","1,7","18,3",308,"1019,8","1017,1","1021,3","1014,7"
2024-02-29 01:00,"9,1","5,8","15,9","8,4","7,2",89,61,99,"11,9","11,4","13,9",63,59,64,"719,6",6,"13,8","16,8","16,8","0,5","120,5","0,5","6000,0","4,9","46,0",283,"1019,4","1012,1","1025,7","1006,7"
2024-03-01 01:00,"10,4","5,3","14,8","10,3","5,4",73,49,95,"12,0","11,1","15,8",62,55,64,"633,3",6,"4,8","8,1","7,3","0,0","128,1","8,1","6000,0","3,7","23,8",265,"1017,4","1012,5","1020,9","1000,5"
2024-03-02 01:00,"8,6","3,8","13,0","8,1","5,0",79,59,96,"11,7","11,1","12,6",63,61,64,"226,8",2,"15,6","28,7","20,6","0,0","0,0","36,8","6000,0","8,3","49,7",260,"1018,8","1009,9","1026,7","989,3"
2024-03-03 01:00,"6,2","3,0","10,0","5,7","3,9",86,70,99,"11,3","10,6","13,8",63,58,64,"793,8",7,"18,6","30,0","27,2","0,0","30,0","66,8","6000,0","4,1","27,7",303,"1022,7","1019,7","1027,6","999,0"
2024-03-04 01:00,"9,5","4,3","15,4","9,5","7,1",86,59,99,"11,1","10,5","12,2",63,61,64,"196,0",1,"6,0","6,6","6,6","0,3","36,9","73,7","6000,0","3,4","36,7",151,"1021,7","1015,1","1029,4","1002,2"
2024-03-05 01:00,"8,8","2,8","14,7","8,8","4,5",76,52,96,"13,1","10,6","33,9",59,27,65,"666,2",6,"0,0","0,3","0,3","0,0","36,9","73,7","6000,0","3,5","20,1",15,"1021,9","1019,2","1026,5","1011,4"
2024-03-06 01:00,"8,7","1,3","18,2","8,7","4,8",79,49,98,"14,5","10,7","36,9",56,24,63,"551,7",5,"0,0","0,0","0,0","0,0","36,9","73,7","6000,0","1,7","13,0",153,"1017,7","1013,1","1021,3","1006,8"
2024-03-07 01:00,"13,6","7,3","19,7","13,6","5,1",58,35,86,"13,9","11,8","25,2",56,39,62,"596,9",5,"1,8","0,3","0,3","0,0","37,2","74,0","6000,0","5,0","36,7",148,"1017,3","1011,9","1021,5","992,3"
2024-03-08 01:00,"12,0","8,1","14,8","11,9","3,7",57,49,72,"13,9","12,4","22,4",56,44,59,"562,1",14,"0,0","0,0","0,0","0,0","37,2","74,0","6000,0","9,8","64,4",213,"1018,8","1013,5","1021,4","984,8"
2024-03-09 01:00,"11,7","10,1","14,1","11,7","2,5",54,44,60,"15,2","12,7","37,9",50,24,58,"668,5",6,"0,0","0,0","0,0","0,0","0,0","74,0","6000,0","12,7","48,0",213,"1020,1","1018,8","1021,3","977,2"
2024-03-10 01:00,"10,2","7,8","12,9","9,8","5,8",75,54,93,"13,7","12,8","22,8",54,43,59,"635,9",6,"13,8","13,7","12,4","0,3","14,0","88,0","6000,0","10,1","51,5",278,"1025,0","1019,5","1033,6","986,2"
2024-03-11 01:00,"9,8","8,5","10,8","9,5","7,4",85,70,96,"12,9","12,4","13,7",59,59,61,"250,3",2,"9,0","12,2","10,4","0,0","25,9","99,9","6000,0","5,4","25,6",315,"1024,3","1020,4","1028,9","1005,9"
2024-03-12 01:00,"11,5","4,8","19,5","11,5","8,4",84,52,99,"15,5","12,3","39,1",55,23,62,"658,4",6,"0,0","0,0","0,0","0,0","25,9","99,9","6000,0","0,9","11,1",148,"1019,3","1016,2","1021,3","1010,1"
2024-03-13 01:00,"10,8","3,1","21,4","10,8","6,5",77,49,95,"16,6","12,6","40,6",53,22,60,"580,0",5,"0,0","0,0","0,0","0,0","25,9","99,9","6000,0","1,7","13,0",308,"1018,2","1016,7","1021,5","1002,8"
2024-03-14 01:00,"16,1","6,8","23,6","16,1","8,5",63,37,91,"17,4","13,7","40,3",54,23,60,"558,2",5,"0,0","0,0","0,0","0,0","25,9","99,9","6000,0","4,1","27,7",193,"1021,2","1019,0","1023,4","1001,7"
2024-03-15 01:00,"14,3","7,7","20,0","14,3","10,9",81,64,98,"16,9","14,9","23,9",57,46,61,"596,0",5,"0,0","0,0","0,0","0,0","25,9","99,9","6000,0","1,5","14,8",29,"1022,7","1020,3","1025,6","1008,4"
2024-03-16 01:00,"16,4","6,6","23,8","16,4","10,3",71,39,99,"16,7","15,2","19,6",60,54,62,"584,3",5,"0,0","0,0","0,0","0,0","0,0","99,9","6000,0","3,6","31,4",198,"1019,2","1017,8","1021,0","1009,4"
2024-03-17 01:00,"17,8","10,8","23,2","17,8","12,9",74,52,95,"19,1","16,2","31,7",60,41,66,"524,5",5,"0,0","0,0","0,0","0,0","0,0","99,9","6000,0","2,5","25,6",188,"1020,4","1018,4","1022,7","1007,4"
2024-03-18 01:00,"15,6","10,6","23,9","15,6","13,6",88,65,99,"20,0","17,3","36,5",61,34,66,"612,0",5,"18,6","8,4","8,4","0,0","8,4","108,3","6000,0","1,4","14,8",165,"1019,3","1017,2","1021,4","1006,1"
2024-03-19 01:00,"14,0","12,7","17,6","14,0","13,3",96,84,99,"18,6","17,9","20,0",65,62,66,"298,4",2,"1,8","0,5","0,5","0,0","8,9","108,8","6000,0","1,3","9,3",307,"1020,2","1018,4","1021,8","1003,6"
2024-03-20 01:00,"12,5","10,0","14,6","12,5","12,0",97,88,99,"17,8","17,2","18,5",66,65,67,"172,1",1,"3,0","2,3","2,3","0,0","11,2","111,1","6000,0","1,4","11,1",281,"1021,4","1018,8","1027,0","1003,7"
2024-03-21 01:00,"14,0","7,2","22,8","14,0","12,3",91,69,99,"19,6","16,7","35,6",61,34,67,"589,5",5,"1,8","0,3","0,3","0,0","11,5","111,4","6000,0","1,3","11,1",198,"1021,0","1018,1","1025,0","1011,5"
2024-03-22 01:00,"13,0","11,0","15,6","13,0","12,6",98,91,99,"17,9","17,2","19,0",65,63,67,"204,7",2,"3,0","4,1","4,1","0,0","15,6","115,5","6000,0","1,9","13,0",254,"1020,1","1017,7","1025,0","1010,3"
2024-03-23 01:00,"11,7","9,0","16,7","11,7","9,7",88,67,99,"17,6","16,8","20,3",63,54,67,"773,4",7,"6,0","5,6","5,3","0,0","0,0","121,1","6000,0","1,3","11,1",207,"1020,2","1017,7","1022,7","1013,3"
2024-03-24 01:00,"10,9","4,9","16,6","10,9","7,5",81,57,96,"18,4","16,5","23,4",60,50,64,"638,1",6,"0,0","0,0","0,0","0,0","0,0","121,1","6000,0","1,6","16,6",158,"1016,9","1009,1","1020,8","1006,0"
2024-03-25 01:00,"7,8","3,2","13,2","7,8","6,5",92,75,99,"16,7","15,8","18,1",61,59,63,"465,4",4,"6,0","6,1","6,1","1,3","7,4","128,5","6000,0","2,9","21,9",288,"1015,8","1008,2","1021,5","986,2"
2024-03-26 01:00,"7,7","4,1","14,6","7,6","4,3",81,41,99,"16,3","15,3","20,6",61,53,63,"734,9",7,"12,0","20,3","11,2","0,0","26,4","147,5","6000,0","2,6","16,6",316,"1020,2","1018,1","1022,1","981,1"
2024-03-27 01:00,"11,5","3,2","18,2","11,4","5,2",68,40,98,"16,2","14,8","21,0",58,49,62,"653,3",6,"3,0","1,6","1,3","0,0","28,0","149,1","6000,0","6,4","40,4",224,"1018,1","1012,3","1022,0","976,8"
2024-03-28 01:00,"12,2","4,8","18,3","11,9","5,3",64,43,98,"16,2","14,8","20,0",56,49,61,"711,0",6,"1,8","0,3","0,3","0,0","28,3","149,4","6000,0","8,7","49,7",219,"1020,9","1014,9","1026,3","980,6"
2024-03-29 01:00,"11,7","5,8","16,0","11,6","6,3",71,49,97,"15,5","14,8","16,9",57,54,60,"395,6",3,"7,8","6,4","6,4","0,0","34,7","155,8","6000,0","6,5","49,7",182,"1021,8","1019,7","1023,5","982,7"
2024-03-30 01:00,"10,7","4,7","17,0","10,7","6,2",75,47,96,"15,2","14,4","16,8",59,56,60,"783,0",7,"4,8","2,8","1,7","0,0","0,0","158,6","6000,0","3,1","25,6",128,"1018,1","1015,4","1021,0","979,0"
2024-03-31 01:00,"9,9","4,0","15,5","9,8","5,3",74,54,97,"15,0","14,2","18,5",58,52,61,"658,9",6,"7,8","4,4","4,1","0,0","4,4","0,0","6000,0","3,3","23,8",197,"1022,7","1020,4","1026,4","981,8"
2024-04-01 01:00,"11,5","5,7","16,9","11,5","5,7",70,41,98,"14,9","14,0","18,3",57,52,60,"862,8",8,"15,6","6,9","6,9","0,0","11,3","6,9","6000,0","7,1","43,9",185,"1024,6","1020,4","1029,9","994,9"
2024-04-02 01:00,"14,4","10,8","16,3","14,4","6,3",58,48,85,"14,7","14,0","15,8",57,54,60,"553,1",5,"1,8","0,5","0,5","0,0","11,8","7,4","6000,0","13,2","53,3",206,"1019,6","1017,3","1021,5","999,5"
2024-04-03 01:00,"17,3","8,1","22,8","17,3","8,7",59,39,91,"15,9","14,1","19,6",57,50,60,"724,4",7,"0,0","0,0","0,0","0,0","11,8","7,4","6000,0","6,4","33,2",199,"1021,5","1019,2","1025,1","1002,7"
2024-04-04 01:00,"21,0","17,5","25,0","21,0","7,9",43,27,62,"17,1","15,7","20,2",56,51,58,"693,2",6,"0,0","0,0","0,0","0,0","11,8","7,4","6000,0","10,2","53,3",212,"1018,8","1015,1","1022,2","1000,9"
2024-04-05 01:00,"22,5","17,8","28,0","22,5","6,7",38,15,66,"17,8","17,1","18,6",57,54,58,"469,8",4,"0,0","0,0","0,0","0,0","11,8","7,4","6000,0","7,7","53,3",167,"1019,7","1015,9","1023,1","996,8"
2024-04-06 01:00,"22,9","14,9","29,2","22,9","9,7",47,21,81,"20,4","18,0","25,2",52,33,58,"648,0",6,"0,0","0,0","0,0","0,0","0,0","7,4","6000,0","6,2","36,7",194,"1021,2","1016,7","1027,0","995,6"
2024-04-07 01:00,"15,3","11,0","21,3","15,3","12,2",84,48,99,"20,7","19,4","33,3",54,37,57,"868,0",8,"9,0","4,3","4,3","0,0","4,3","11,7","6000,0","2,6","23,8",241,"1019,2","1015,0","1022,9","1000,3"
2024-04-08 01:00,"13,6","7,8","20,7","13,4","8,2",72,42,95,"19,6","18,4","21,5",54,51,57,"935,6",9,"16,8","23,9","23,9","0,0","27,9","35,3","6000,0","8,2","49,7",257,"1023,0","1015,2","1035,9","999,2"
2024-04-09 01:00,"10,7","7,0","15,0","10,5","6,3",75,58,96,"19,3","18,0","26,0",53,44,56,"946,5",9,"0,0","0,0","0,0","0,0","27,9","35,3","6000,0","5,5","29,5",302,"1023,6","1020,3","1028,5","1016,9"
2024-04-10 01:00,"11,0","3,6","19,5","11,0","7,0",79,47,99,"19,3","17,2","27,5",52,40,56,"722,6",7,"0,0","0,0","0,0","0,0","27,9","35,3","6000,0","0,7","13,0",188,"1020,6","1018,9","1023,0","1020,5"
2024-04-11 01:00,"13,2","5,2","22,6","13,2","9,2",80,42,99,"19,6","17,2","33,0",53,34,56,"691,9",6,"0,0","0,0","0,0","0,0","27,9","35,3","6000,0","1,3","14,8",167,"1019,2","1016,5","1021,1","1019,4"
2024-04-12 01:00,"17,1","7,7","28,5","17,1","12,1",77,40,99,"20,3","17,8","36,4",54,32,57,"700,5",6,"0,0","0,0","0,0","0,0","27,9","35,3","6000,0","1,4","14,8",185,"1019,6","1018,4","1021,2","1016,1"
2024-04-13 01:00,"17,1","8,8","27,8","17,1","12,3",77,41,98,"21,0","18,6","24,3",55,50,60,"704,0",6,"0,0","0,0","0,0","0,0","0,0","35,3","6000,0","1,3","13,0",138,"1020,1","1018,6","1021,9","1014,3"
2024-04-14 01:00,"15,0","8,5","24,8","15,0","12,7",87,62,99,"21,3","19,5","24,6",57,52,59,"695,4",6,"0,0","0,0","0,0","0,0","0,0","35,3","6000,0","2,1","16,6",7,"1020,0","1017,5","1022,8","1011,9"
2024-04-15 01:00,"12,1","10,6","13,0","12,1","11,3",95,89,99,"20,0","19,2","20,5",60,59,60,"203,4",2,"4,8","1,8","1,0","0,0","1,8","37,1","6000,0","2,7","14,8",317,"1021,0","1020,0","1022,8","1014,0"
2024-04-16 01:00,"10,7","9,2","12,4","10,7","9,5",92,78,98,"18,9","18,0","19,4",60,59,60,"599,9",5,"7,8","7,1","3,0","0,5","9,4","44,7","6000,0","2,4","18,3",316,"1019,4","1018,1","1021,1","1012,3"
2024-04-17 01:00,"10,0","7,9","13,4","10,0","8,9",93,77,99,"18,0","17,2","19,1",59,56,60,"937,0",9,"9,0","9,4","8,9","0,0","18,3","53,6","6000,0","1,6","16,6",298,"1020,3","1018,6","1022,4","1010,3"
2024-04-18 01:00,"10,0","5,1","15,6","10,0","8,4",91,63,99,"19,2","16,8","41,1",55,26,60,"1055,0",10,"3,0","2,6","2,3","0,0","20,9","56,2","6000,0","1,2","11,1",147,"1020,4","1019,0","1022,0","1010,8"
2024-04-19 01:00,"10,6","1,7","20,5","10,6","7,3",82,51,99,"19,1","16,1","41,0",53,25,58,"717,0",6,"1,8","0,3","0,3","0,0","21,2","56,5","6000,0","1,4","11,1",171,"1019,3","1016,0","1022,0","1008,2"
2024-04-20 01:00,"11,1","3,4","18,8","11,1","8,0",83,39,99,"18,0","16,1","23,4",57,49,62,"708,0",6,"0,0","0,0","0,0","0,0","0,0","56,5","6000,0","1,7","16,6",165,"1020,6","1019,5","1021,9","1009,0"
2024-04-21 01:00,"9,8","3,8","15,6","9,8","6,1",80,46,99,"18,3","16,5","26,0",56,44,59,"907,0",8,"0,0","0,0","0,0","0,0","0,0","56,5","6000,0","1,6","18,3",314,"1020,6","1019,1","1022,8","1010,1"
2024-04-22 01:00,"9,3","4,6","15,1","9,3","5,0",77,47,97,"18,1","16,7","27,2",55,42,58,"868,8",8,"0,0","0,0","0,0","0,0","0,0","56,5","6000,0","1,4","13,0",207,"1020,5","1019,5","1021,9","1012,2"
2024-04-23 01:00,"7,5","3,0","11,3","7,4","5,9",90,75,99,"16,4","15,5","19,8",57,53,58,"347,4",3,"15,6","9,7","9,4","0,0","9,7","66,2","6000,0","1,9","20,1",214,"1020,1","1016,5","1024,4","1010,4"
2024-04-24 01:00,"8,8","1,6","14,8","8,8","5,8",83,60,99,"16,4","14,9","19,7",56,50,58,"862,3",8,"0,0","0,0","0,0","0,0","9,7","66,2","6000,0","2,6","20,1",1,"1019,0","1016,3","1020,9","1009,1"
2024-04-25 01:00,"10,9","7,7","14,3","10,9","8,5",85,73,97,"15,9","15,4","17,1",58,56,59,"572,5",5,"1,8","1,1","0,8","0,5","11,3","67,8","6000,0","2,2","18,3",307,"1018,0","1014,2","1021,1","999,2"
2024-04-26 01:00,"11,1","9,1","15,1","11,1","9,9",93,74,99,"15,6","15,1","16,6",59,57,61,"791,6",7,"27,6","11,7","10,2","0,0","22,5","79,0","6000,0","0,6","9,3",152,"1018,7","1016,0","1020,9","992,1"
2024-04-27 01:00,"9,9","3,7","17,0","9,8","7,0",84,45,99,"15,3","14,5","16,5",60,57,61,"924,0",8,"3,0","1,6","1,3","0,0","0,0","80,6","6000,0","3,7","36,7",163,"1022,0","1015,0","1032,5","988,2"
2024-04-28 01:00,"8,8","2,0","15,2","8,8","6,2",85,62,99,"14,8","13,9","16,1",59,56,60,"939,2",9,"1,8","0,3","0,3","0,0","0,3","80,9","6000,0","1,4","16,6",263,"1023,2","1020,6","1026,9","1002,2"
2024-04-29 01:00,"10,3","3,5","18,1","10,3","7,6",85,61,99,"15,9","13,8","28,7",57,36,60,"919,2",8,"0,0","0,0","0,0","0,0","0,3","80,9","6000,0","1,3","13,0",176,"1020,1","1018,4","1021,4","1005,9"
2024-04-30 01:00,"11,8","3,9","23,3","11,8","7,7",81,37,99,"15,4","14,2","18,1",58,54,60,"873,2",8,"4,8","3,6","3,6","0,6","3,9","84,5","6000,0","2,6","23,8",231,"1018,4","1013,7","1022,3","999,7"
2024-05-01 01:00,"10,5","6,5","13,3","10,4","7,0",80,65,97,"16,0","14,7","17,3",59,56,61,"655,8",6,"7,8","5,7","1,3","0,2","6,2","86,8","6000,0","4,0","18,3",321,"1021,6","1020,4","1023,9","1000,3"
2024-05-02 01:00,"10,7","3,6","16,3","10,7","7,1",80,53,99,"15,7","14,3","18,8",59,53,61,"909,2",8,"1,8","0,3","0,5","0,3","6,5","87,1","6000,0","2,0","13,0",247,"1021,1","1019,9","1023,4","1003,0"
2024-05-03 01:00,"14,6","6,0","20,5","14,6","8,1",68,41,99,"16,1","14,7","18,7",59,54,61,"920,1",8,"0,0","0,3","0,3","0,0","6,5","87,1","6000,0","4,6","31,4",181,"1019,3","1015,9","1021,8","1003,2"
2024-05-04 01:00,"18,6","13,0","23,7","18,6","11,2",64,46,95,"17,2","16,0","25,5",58,47,61,"853,3",8,"0,0","0,0","0,0","0,0","0,0","87,1","6000,0","9,4","56,8",208,"1020,3","1018,2","1024,7","999,5"
2024-05-05 01:01,,,,,,,,,,,,,,,,,,,,,,,,,,,,,,
2024-05-06 01:02,,,,,,,,,,,,,,,,,,,,,,,,,,,,,,
2024-05-07 01:02,,,,,,,,,,,,,,,,,,,,,,,,,,,,,,
2024-05-08 01:00,"17,7","13,0","21,0","17,7","12,9",74,64,87,"20,8","18,2","35,8",56,33,61,"449,0",4,"0,0","10,4","0,0","0,0","10,4","97,5","6000,0","2,3","11,1",135,"1020,5","1019,5","1021,0","1010,3"
2024-05-09 01:00,"17,8","11,8","24,1","17,8","13,2",76,53,99,"19,6","17,6","25,8",59,48,62,"805,6",7,"0,0","0,0","0,0","0,0","10,4","97,5","6000,0","2,1","16,6",137,"1018,7","1017,1","1021,2","1005,5"
2024-05-10 01:00,"17,7","10,5","26,0","17,7","14,7",84,60,99,"20,6","18,4","31,9",59,41,62,"759,1",7,"0,0","0,0","0,0","0,0","10,4","97,5","6000,0","1,3","18,3",236,"1019,7","1018,4","1021,2","1002,5"
2024-05-11 01:00,"16,0","11,6","25,0","16,0","13,9",89,56,99,"20,2","19,3","22,0",61,58,64,"885,3",8,"4,2","2,0","2,0","0,0","0,0","99,5","6000,0","1,5","21,9",241,"1021,5","1019,5","1024,7","1003,7"
2024-05-12 01:00,"13,2","8,5","16,8","13,2","12,2",94,77,99,"19,6","18,6","23,2",62,57,64,"262,4",2,"1,8","1,5","1,0","0,0","1,5","101,0","6000,0","1,1","11,1",327,"1020,3","1017,8","1022,5","1006,2"
2024-05-17 01:00,"13,4","10,8","14,9","13,4","11,4",88,82,96,"17,5","17,0","18,7",64,62,65,"86,7",0,"1,8","3,6","0,3","0,0","5,1","104,6","6000,0","2,1","9,3",287,"1021,2","1020,1","1022,5","1000,0"
2024-05-18 01:00,"13,0","9,4","18,7","13,0","11,3",90,65,99,"17,8","16,6","20,1",63,58,65,"1012,5",9,"10,8","4,6","4,6","0,0","0,0","109,2","6000,0","0,9","9,3",131,"1020,5","1019,2","1022,1","1000,4"
2024-05-19 01:00,"13,0","10,5","16,6","13,0","11,7",92,72,99,"17,6","16,7","19,4",63,60,65,"932,2",9,"3,0","2,0","2,0","0,0","2,0","111,2","6000,0","1,6","13,0",325,"1020,2","1019,2","1021,9","1000,9"
2024-05-20 01:00,"13,6","10,4","17,5","13,6","11,4",87,68,99,"18,2","16,7","31,7",62,40,65,"954,3",9,"13,8","16,3","16,3","0,0","18,3","127,5","6000,0","2,8","18,3",339,"1020,6","1019,3","1022,3","1001,5"
2024-05-21 01:00,"14,1","10,4","17,9","14,1","11,5",85,69,98,"18,0","16,9","20,0",62,56,65,"1057,1",10,"1,8","1,0","0,5","0,0","19,3","128,5","6000,0","3,0","21,9",321,"1021,1","1019,4","1023,2","1004,1"
2024-05-22 01:00,"12,8","7,4","19,4","12,8","10,7",88,64,99,"17,6","16,7","19,3",64,60,65,"948,7",9,"9,0","8,9","8,9","0,0","28,2","137,4","6000,0","2,0","16,6",250,"1021,1","1018,6","1025,2","1006,0"
2024-05-23 01:00,"13,4","8,5","17,9","13,4","10,2",82,62,99,"18,2","16,7","27,9",62,48,66,"1028,5",10,"1,8","0,3","0,3","0,0","28,5","137,7","6000,0","2,7","14,8",333,"1020,6","1019,5","1021,4","1008,9"
2024-05-24 01:00,"14,1","7,1","20,9","14,1","11,3",85,60,99,"19,1","16,7","35,4",60,33,65,"940,4",9,"0,0","0,0","0,0","0,0","28,5","137,7","6000,0","1,4","11,1",167,"1019,6","1018,1","1021,0","1006,5"
2024-05-25 01:00,"15,9","8,9","24,1","15,9","11,4",77,38,99,"19,5","17,4","27,0",62,50,65,"922,7",8,"0,0","0,0","0,0","0,0","0,0","137,7","6000,0","1,8","18,3",274,"1020,5","1016,0","1025,6","1003,5"
2024-05-26 01:00,"13,3","9,4","16,8","13,3","12,0",92,80,98,"18,8","18,2","20,0",64,61,65,"431,6",4,"6,0","2,3","2,3","0,0","2,3","140,0","6000,0","0,8","9,3",196,"1021,6","1020,1","1023,3","1008,7"
2024-05-27 01:00,"13,4","8,9","18,0","13,4","11,8",90,68,99,"18,4","15,0","22,6",63,54,74,"630,3",6,"4,8","2,5","1,7","0,0","4,8","142,5","6000,0","0,9","9,3",180,"1020,6","1019,5","1022,4","1011,3"
2024-05-28 01:00,"15,1","6,9","23,7","15,1","12,1",84,61,99,"19,5","17,3","30,2",61,40,65,"809,5",7,"0,0","0,0","0,0","0,0","4,8","142,5","6000,0","1,4","14,8",264,"1019,7","1017,9","1021,3","1009,6"
2024-05-29 01:00,"16,3","8,9","23,3","16,3","13,5",85,61,99,"20,0","18,3","26,3",63,55,66,"803,4",7,"0,0","0,0","0,0","0,0","4,8","142,5","6000,0","2,0","16,6",330,"1019,7","1018,8","1021,2","1007,5"
2024-05-30 01:00,"14,8","13,0","17,4","14,8","14,2",96,88,99,"19,7","19,0","20,5",66,65,67,"295,8",2,"4,8","9,9","4,8","0,0","14,7","152,4","6000,0","1,8","13,0",315,"1020,9","1018,4","1023,2","1006,8"
2024-05-31 01:00,"13,9","10,3","18,0","13,8","11,2",86,1,99,"19,5","18,7","21,2",64,58,67,"1655,2",15,"1,8","0,3","0,3","0,0","15,0","0,0","6000,0","1,2","11,1",168,"1020,5","1019,6","1021,4","1008,3"
2024-06-01 01:00,"14,2","7,7","19,8","14,2","12,0",88,68,99,"19,2","17,4","21,5",62,57,65,"996,4",9,"0,0","0,0","0,0","0,0","0,0","0,0","6000,0","0,9","11,1",183,"1021,1","1020,0","1022,8","1010,0"
2024-06-02 01:00,"15,2","11,2","20,5","15,2","13,6",91,73,99,"19,6","18,5","21,8",63,58,66,"607,8",5,"13,8","7,6","7,6","0,5","8,1","8,1","6000,0","1,0","11,1",226,"1020,3","1019,5","1021,3","1010,8"
2024-06-03 01:00,"15,6","10,2","20,9","15,6","14,0",91,73,99,"20,0","18,7","34,4",64,40,67,"634,2",6,"1,8","1,3","1,3","0,0","8,9","8,9","6000,0","1,0","13,0",159,"1019,5","1018,3","1020,9","1007,9"
2024-06-04 01:00,"16,5","8,3","24,0","16,5","14,0",87,66,99,"20,6","18,5","31,4",62,45,66,"887,1",8,"0,0","0,0","0,0","0,0","8,9","8,9","6000,0","1,2","11,1",176,"1019,3","1016,9","1021,1","1003,4"
2024-06-05 01:00,"18,1","11,4","26,0","18,1","15,6",87,68,99,"21,1","19,3","26,3",63,55,66,"797,8",7,"0,0","0,0","0,0","0,0","8,9","8,9","6000,0","1,1","11,1",187,"1020,9","1019,5","1023,2","1003,3"
2024-06-06 01:00,"16,4","12,3","21,7","16,4","15,0",92,74,99,"20,7","20,0","21,8",64,62,66,"731,3",7,"0,0","0,0","0,0","0,0","8,9","8,9","6000,0","0,6","11,1",198,"1020,9","1019,0","1023,4","1005,5"
2024-06-07 01:00,"17,6","13,9","23,5","17,6","16,0",91,75,99,"20,9","19,9","23,5",65,60,72,"871,9",8,"9,0","6,4","4,1","1,6","16,9","16,9","6000,0","1,0","11,1",214,"1019,1","1017,1","1021,5","1004,9"
2024-06-08 01:00,"17,0","15,2","19,6","17,0","16,0",94,85,99,"20,7","20,2","21,6",68,66,72,"360,0",3,"12,0","8,4","6,6","1,0","1,0","24,9","6000,0","2,6","14,8",334,"1021,1","1020,1","1022,4","1001,5"
2024-06-09 01:00,"14,2","13,0","15,4","14,2","13,9",98,89,99,"20,0","19,5","20,8",67,65,68,"300,9",2,"4,8","10,4","9,4","0,0","10,4","34,3","6000,0","1,3","13,0",329,"1021,1","1019,5","1023,3","1003,2"
2024-06-10 01:00,"14,9","11,4","19,0","14,9","12,5",87,68,99,"20,5","19,2","26,2",64,54,68,"950,9",9,"1,8","0,3","0,3","0,0","10,7","34,6","6000,0","1,9","18,3",243,"1020,7","1019,3","1022,6","1005,7"
2024-06-11 01:00,"13,3","11,9","16,1","13,3","12,9",97,86,99,"19,6","18,9","20,6",65,64,67,"328,4",3,"12,6","16,5","10,4","0,0","27,2","51,1","6000,0","1,0","11,1",212,"1020,6","1019,0","1022,7","1007,8"
2024-06-12 01:00,"14,1","8,8","19,8","14,1","11,2",84,48,99,"20,1","18,5","33,8",62,37,67,"972,6",9,"12,0","3,3","3,3","0,0","30,5","54,4","6000,0","1,7","18,3",161,"1020,9","1019,7","1022,8","1009,9"
2024-06-13 01:00,"15,5","7,1","25,9","15,5","11,6",81,37,99,"19,8","18,4","22,2",61,57,64,"853,7",8,"0,0","0,0","0,0","0,0","30,5","54,4","6000,0","1,7","18,3",194,"1019,2","1013,3","1022,3","1005,2"
2024-06-14 01:00,"15,4","12,8","22,5","15,4","14,2",93,69,99,"19,3","16,8","20,9",65,61,73,"957,4",9,"6,0","4,3","4,3","0,5","35,3","59,2","6000,0","1,7","14,8",263,"1021,2","1017,5","1024,9","1002,5"
2024-06-15 01:00,"15,1","10,5","19,8","15,1","11,8",82,56,99,"20,0","18,6","27,3",64,51,68,"1047,2",10,"0,0","0,5","0,5","0,0","0,0","59,2","6000,0","2,0","21,9",4,"1020,4","1019,0","1021,4","1003,9"
2024-06-16 01:00,"17,2","9,9","25,0","17,2","13,7",82,58,99,"19,8","18,8","21,7",65,62,66,"1043,7",10,"0,0","0,0","0,0","0,0","0,0","59,2","6000,0","0,9","13,0",159,"1019,6","1017,7","1021,2","1000,6"
2024-06-17 01:00,"20,7","14,1","28,2","20,9","15,8",75,49,97,"20,8","19,3","23,5",64,57,66,"903,6",8,"1,8","0,5","0,5","0,5","0,5","59,7","6000,0","1,9","13,0",222,"1019,3","1017,0","1023,2","997,6"
2024-06-18 01:00,"18,2","15,5","26,0","18,2","16,5",90,47,99,"21,4","20,6","23,7",65,61,67,"1018,1",9,"39,6","9,6","7,1","0,0","9,6","68,8","6000,0","2,1","23,8",199,"1020,5","1018,9","1022,9","998,9"
2024-06-19 01:00,"17,3","13,5","21,2","17,3","14,9",86,71,99,"21,2","19,5","22,6",65,63,67,"933,5",9,"0,0","0,0","0,0","0,0","9,6","68,8","6000,0","2,2","18,3",325,"1021,8","1020,3","1024,2","1003,1"
2024-06-20 01:00,"16,7","14,5","22,3","16,7","14,7",88,66,99,"21,1","20,5","22,7",63,61,65,"967,3",9,"1,8","1,1","0,3","0,0","10,7","69,9","6000,0","2,2","21,9",310,"1021,2","1019,1","1024,4","1005,7"
2024-06-21 01:00,"15,9","14,5","17,6","15,9","14,5",91,85,98,"20,6","20,1","21,2",64,62,65,"384,2",3,"3,6","3,8","3,8","0,0","14,5","73,7","6000,0","2,2","18,3",305,"1021,3","1019,5","1024,3","1010,2"
2024-06-22 01:00,"16,6","13,7","19,4","16,6","14,8",89,79,99,"20,5","19,8","21,7",64,62,66,"406,4",3,"1,8","1,5","1,5","0,0","0,0","75,2","6000,0","2,5","18,3",326,"1020,5","1019,2","1021,6","1010,9"
2024-06-23 01:00,"16,7","15,8","17,7","16,7","16,5",99,97,99,"20,0","18,9","20,7",68,65,76,"218,6",2,"4,8","16,2","12,1","0,3","16,5","91,7","6000,0","1,5","13,0",309,"1019,6","1018,3","1021,2","1008,8"
2024-06-24 01:00,"19,4","13,5","24,7","19,4","16,9",87,69,99,"21,4","19,7","30,9",66,52,70,"912,3",8,"1,2","0,5","1,0","0,0","16,7","91,9","6000,0","1,7","13,0",168,"1018,7","1016,7","1020,9","1003,2"
2024-06-25 01:00,"19,3","11,8","26,9","19,4","17,3",89,72,99,"21,9","20,3","25,0",66,60,69,"793,4",7,"39,6","9,7","9,7","0,0","26,4","101,6","6000,0","1,7","13,0",274,"1019,6","1017,1","1022,1","998,0"
2024-06-26 01:00,"20,0","17,3","25,7","20,0","18,9",94,80,99,"22,4","21,3","24,6",68,62,72,"816,8",7,"4,8","3,0","3,0","0,0","29,4","104,6","6000,0","1,2","18,3",269,"1020,6","1018,9","1023,5","998,4"
2024-06-27 01:00,"18,6","17,4","22,5","18,6","18,0",97,82,99,"22,1","21,6","24,3",68,63,69,"830,7",8,"1,8","2,3","1,5","0,0","31,7","106,9","6000,0","1,6","13,0",289,"1021,7","1020,5","1023,7","1003,2"
2024-06-28 01:00,"18,1","16,3","21,3","18,1","17,3",95,86,99,"21,8","21,3","23,3",69,65,71,"479,7",4,"4,8","5,5","2,5","1,0","38,2","113,4","6000,0","0,5","9,3",190,"1020,3","1018,9","1021,3","1004,8"
2024-06-29 01:00,"15,5","14,2","16,6","15,5","15,1",97,89,99,"21,3","20,7","22,0",69,68,70,"314,4",3,"3,6","10,5","11,7","0,0","0,0","122,9","6000,0","2,1","14,8",306,"1020,1","1017,9","1021,9","1003,0"
2024-06-30 01:00,"16,8","11,9","22,5","16,8","14,5",87,68,99,"21,7","20,5","25,9",66,54,70,"992,5",9,"0,0","0,0","0,0","0,0","0,0","0,0","6000,0","1,3","14,8",196,"1021,3","1019,9","1024,4","1005,3"
2024-07-01 01:00,"16,5","10,8","21,9","16,5","14,7",90,73,99,"21,2","20,2","23,0",66,63,69,"1084,9",10,"1,8","0,3","0,3","0,3","0,6","0,6","6000,0","1,8","14,8",313,"1022,0","1020,4","1024,0","1011,3"
2024-07-02 01:00,"17,2","12,3","22,2","17,2","15,3",89,73,99,"21,5","20,8","23,4",66,62,68,"992,5",9,"1,2","0,5","0,3","0,0","0,8","0,8","6000,0","1,4","13,0",314,"1019,8","1018,6","1021,1","1011,3"
2024-07-03 01:00,"16,9","11,9","22,4","16,9","14,3",86,67,99,"22,2","20,7","27,9",65,54,67,"1075,0",10,"0,0","0,0","0,0","0,0","0,8","0,8","6000,0","1,7","14,8",250,"1019,5","1017,7","1021,0","1006,9"
2024-07-04 01:00,"17,5","11,2","24,7","17,5","15,8",90,68,99,"22,0","21,0","24,3",66,63,68,"1036,3",10,"0,0","0,0","0,0","0,0","0,8","0,8","6000,0","1,4","13,0",199,"1020,2","1018,9","1021,4","1006,1"
2024-07-05 01:00,"18,3","13,5","24,2","18,3","16,5",90,71,99,"21,8","21,2","23,0",67,65,68,"848,9",8,"27,6","5,3","5,3","0,0","6,1","6,1","6000,0","1,0","9,3",296,"1019,2","1015,6","1021,6","1001,0"
2024-07-06 01:00,"15,5","13,2","18,5","15,5","15,0",97,84,99,"21,5","20,8","22,3",68,66,69,"393,8",3,"36,6","30,2","18,0","0,0","0,0","36,3","6000,0","1,0","13,0",267,"1022,3","1020,2","1024,6","1003,7"
2024-07-07 01:00,"15,8","11,9","20,4","15,8","13,8",89,71,99,"21,1","20,5","22,1",66,60,68,"458,5",4,"0,0","0,0","0,0","0,0","0,0","36,3","6000,0","0,6","7,2",223,"1019,6","1018,2","1021,0","1003,9"
2024-07-08 01:00,"19,0","11,1","27,5","19,1","15,9",84,57,99,"21,8","20,1","30,9",64,48,66,"832,4",8,"0,0","0,0","0,0","0,0","0,0","36,3","6000,0","1,1","11,1",145,"1019,3","1017,5","1021,1","999,9"
2024-07-09 01:00,"19,4","15,8","25,8","19,4","17,8",91,73,99,"22,0","21,2","23,5",67,63,72,"926,6",9,"4,8","2,8","2,8","0,0","2,8","39,1","6000,0","0,7","13,0",151,"1021,5","1018,0","1025,0","1001,6"
2024-07-10 01:00,"21,2","16,1","27,4","21,2","19,3",89,73,99,"22,3","21,3","23,9",68,65,69,"942,6",9,"1,8","0,3","0,3","0,0","3,1","39,4","6000,0","1,1","11,1",246,"1021,0","1019,8","1022,9","1004,9"
2024-07-11 01:00,"20,7","16,2","26,8","20,7","18,6",88,72,99,"22,6","21,8","24,1",68,65,69,"1040,2",10,"6,0","1,6","1,8","1,5","6,2","42,5","6000,0","1,7","16,6",305,"1020,6","1017,2","1023,9","1004,9"
2024-07-12 01:00,"16,2","14,3","18,3","16,2","15,8",97,87,99,"22,1","21,6","22,5",69,68,69,"157,4",1,"18,6","14,4","14,2","0,0","19,1","55,4","6000,0","0,6","14,8",262,"1020,9","1018,6","1023,5","1008,1"
2024-07-13 01:00,"17,0","12,4","22,5","17,0","14,3",85,62,99,"22,0","21,3","23,7",64,57,69,"892,7",8,"0,0","0,0","0,0","0,0","0,0","55,4","6000,0","1,3","13,0",153,"1018,8","1015,4","1020,8","1002,0"
2024-07-14 01:00,"18,5","12,8","24,3","18,5","16,6",90,74,99,"22,3","21,1","32,3",64,46,67,"695,7",6,"0,0","0,0","0,0","0,0","0,0","55,4","6000,0","0,8","11,1",173,"1020,2","1017,7","1022,3","999,1"
2024-07-15 01:00,"19,8","15,0","27,0","19,9","16,6",83,54,99,"22,2","21,5","23,2",66,64,68,"552,6",5,"3,0","0,8","0,8","0,0","0,8","56,2","6000,0","1,9","29,5",216,"1021,3","1016,2","1025,7","1000,6"
2024-07-16 01:00,"17,9","14,3","20,7","17,9","16,0",89,76,99,"21,9","21,4","22,7",67,66,68,"376,1",3,"0,0","0,0","0,0","0,0","0,8","56,2","6000,0","0,4","5,5",182,"1021,5","1020,0","1023,3","1008,1"
2024-07-17 01:00,"19,6","11,7","27,0","19,6","17,2",87,70,99,"23,1","21,0","39,0",66,41,70,"812,1",7,"0,0","0,0","0,0","0,0","0,8","56,2","6000,0","1,2","14,8",156,"1019,4","1016,7","1021,2","1005,5"
2024-07-18 01:00,"20,1","15,0","24,6","20,1","18,4",91,78,99,"23,1","22,0","28,2",68,58,70,"891,5",8,"0,0","0,0","0,0","0,0","0,8","56,2","6000,0","1,5","11,1",324,"1021,0","1019,4","1022,9","1006,1"
2024-07-19 01:00,"20,5","15,5","24,8","20,5","18,9",91,80,99,"23,1","22,3","24,0",69,67,70,"847,7",8,"0,0","0,0","0,0","0,0","0,8","56,2","6000,0","1,0","9,3",278,"1020,1","1019,1","1021,0","1006,2"
2024-07-20 01:00,"20,9","16,8","27,3","21,0","18,4",87,58,99,"23,9","22,5","27,3",67,51,70,"797,3",7,"33,6","31,8","31,8","0,0","0,0","88,0","6000,0","2,1","25,6",297,"1019,3","1015,3","1024,1","1000,7"
2024-07-21 01:00,"17,3","12,3","20,4","17,3","14,1",82,68,98,"23,1","20,9","24,5",65,59,68,"993,0",9,"1,8","0,5","0,5","0,0","0,5","88,5","6000,0","3,5","23,8",312,"1022,8","1020,4","1025,1","1007,8"
2024-07-22 01:00,"18,7","10,7","27,9","18,8","15,6",84,60,99,"24,3","22,1","42,0",61,32,64,"793,4",7,"0,0","0,0","0,0","0,0","0,5","88,5","6000,0","1,0","9,3",153,"1020,1","1019,4","1021,0","1010,2"
2024-07-23 01:00,"20,6","13,4","28,6","21,1","17,7",85,61,99,"24,8","22,8","40,1",63,37,65,"792,1",7,"0,0","0,0","0,0","0,0","0,5","88,5","6000,0","1,0","9,3",190,"1020,6","1019,5","1022,4","1010,2"
2024-07-24 01:00,"19,6","14,3","24,3","19,6","18,1",92,78,99,"24,0","23,3","24,8",66,64,70,"566,9",5,"0,0","0,0","0,0","0,0","0,5","88,5","6000,0","0,8","9,3",206,"1019,6","1018,0","1021,1","1008,6"
2024-07-25 01:00,"20,2","18,3","23,5","20,2","18,7",91,79,99,"23,9","23,4","24,5",67,66,68,"304,9",2,"0,0","0,0","0,0","0,0","0,5","88,5","6000,0","0,7","9,3",186,"1019,0","1017,0","1021,0","1004,0"
2024-07-26 01:00,"19,9","15,5","25,9","19,9","18,1",90,70,99,"24,0","23,1","29,5",67,55,69,"863,2",8,"0,0","0,0","0,0","0,0","0,5","88,5","6000,0","0,8","13,0",198,"1020,2","1018,5","1022,6","1001,9"
2024-07-27 01:00,"19,9","14,8","25,4","19,9","17,6",88,70,99,"24,1","23,1","31,6",66,53,68,"840,7",8,"0,0","0,0","0,0","0,0","0,0","88,5","6000,0","0,8","11,1",181,"1021,2","1019,5","1024,8","1003,5"
2024-07-28 01:00,"23,7","17,8","32,1","25,6","21,3",87,69,99,"25,1","23,4","31,5",66,54,68,"714,0",6,"0,0","0,0","0,0","0,0","0,0","88,5","6000,0","2,1","13,0",242,"1019,5","1017,4","1021,1","1003,7"
2024-07-29 01:00,"23,0","19,6","29,7","23,7","21,8",93,76,99,"25,6","24,6","27,9",68,63,72,"741,4",7,"9,0","2,1","1,8","0,0","2,1","90,6","6000,0","1,4","11,1",331,"1020,4","1019,2","1022,9","1003,0"
2024-07-30 01:00,"25,3","18,5","35,7","27,9","22,5",86,55,99,"26,2","24,8","30,5",69,63,71,"783,8",7,"1,2","0,2","0,2","0,0","2,3","90,8","6000,0","1,7","14,8",350,"1019,5","1016,7","1022,3","1000,9"
2024-07-31 01:00,"23,1","18,9","27,5","23,3","21,3",90,74,99,"27,2","25,6","39,0",68,46,71,"788,2",7,"0,0","0,0","0,0","0,0","2,3","0,0","6000,0","2,3","14,8",169,"1021,4","1019,9","1023,6","1002,6"
2024-08-01 01:00,"20,8","18,3","22,4","20,8","19,8",94,87,99,"26,0","23,7","26,8",69,68,71,"219,5",2,"0,0","0,0","0,0","0,0","2,3","0,0","6000,0","0,6","13,0",302,"1020,9","1020,1","1021,9","1005,2"
2024-08-02 01:00,"18,6","16,1","21,7","18,6","17,8",95,84,99,"24,9","22,7","26,0",68,66,71,"491,4",4,"3,0","1,8","0,8","0,0","4,1","1,8","6000,0","0,4","9,3",90,"1021,0","1019,4","1023,3","1005,9"
2024-08-03 01:00,"20,2","15,6","25,4","20,2","18,1",88,72,99,"25,2","24,3","26,8",68,64,69,"913,1",8,"0,0","0,0","0,0","0,0","0,0","1,8","6000,0","0,8","11,1",190,"1020,0","1018,5","1021,9","1006,1"
2024-08-04 01:00,"20,4","13,4","28,7","20,8","17,8",86,67,99,"25,8","23,9","31,8",65,54,69,"736,6",7,"0,0","0,0","0,0","0,0","0,0","1,8","6000,0","1,0","9,3",91,"1019,7","1018,5","1021,0","1004,7"
2024-08-05 01:00,"19,8","14,3","25,3","19,8","18,4",92,73,99,"24,6","22,6","25,6",68,64,72,"809,9",7,"0,0","0,0","0,0","0,0","0,0","1,8","6000,0","0,7","11,1",232,"1020,3","1018,7","1022,3","1002,9"
2024-08-06 01:00,"21,6","15,6","28,2","21,7","19,0",86,64,99,"25,4","23,9","29,1",66,56,70,"957,8",9,"0,0","0,0","0,0","0,0","0,0","1,8","6000,0","0,7","13,0",164,"1020,2","1018,8","1022,8","1002,3"
2024-08-07 01:00,"19,3","18,5","20,7","19,3","18,9",98,91,99,"24,5","23,3","25,2",69,67,72,"276,7",2,"4,8","11,0","9,7","0,0","11,0","12,8","6000,0","0,5","11,1",190,"1021,3","1019,9","1022,6","1004,7"
2024-08-08 01:00,"20,7","18,3","24,0","20,7","18,8",90,80,99,"24,1","23,5","24,9",68,66,70,"383,4",3,"0,0","0,0","0,0","0,0","11,0","12,8","6000,0","0,6","9,3",146,"1020,7","1019,4","1023,3","1006,3"
2024-08-09 01:00,"21,7","18,4","26,1","21,7","19,6",88,70,99,"24,4","23,5","25,9",68,65,70,"724,8",7,"0,0","0,0","0,0","0,0","11,0","12,8","6000,0","0,0","1,8",144,"1020,8","1019,9","1022,0","1008,6"
2024-08-10 01:00,"22,7","16,6","30,3","23,7","20,7",89,72,99,"25,6","23,6","30,8",70,62,73,"681,4",6,"0,0","0,0","0,0","0,0","0,0","12,8","6000,0","0,7","11,1",227,"1019,3","1016,8","1021,2","1005,4"
2024-08-11 01:00,"26,8","18,4","42,1","29,2","21,1",76,28,99,"26,9","24,9","34,3",68,53,73,"717,5",6,"0,0","0,0","0,0","0,0","0,0","12,8","6000,0","2,1","21,9",278,"1019,1","1013,6","1025,6","998,7"
2024-08-12 01:00,"20,7","18,2","23,1","20,7","19,3",92,82,99,"25,9","23,8","26,8",70,68,72,"273,7",2,"1,8","2,0","1,2","0,0","2,0","14,8","6000,0","1,6","13,0",286,"1021,6","1018,6","1023,6","1002,4"
2024-08-13 01:00,"19,2","15,7","24,5","19,2","18,3",95,75,99,"25,5","24,8","27,1",69,66,71,"878,0",8,"59,4","18,8","18,5","0,0","20,8","33,6","6000,0","1,0","11,1",268,"1020,1","1017,7","1023,7","1001,5"
2024-08-14 01:00,"17,7","13,5","21,0","17,7","16,5",93,73,99,"24,8","23,2","26,4",68,60,71,"702,7",6,"12,6","16,5","16,5","0,0","37,3","50,1","6000,0","1,8","16,6",332,"1022,1","1020,1","1025,4","1007,0"
2024-08-15 01:00,"17,9","11,6","25,9","17,9","15,1",85,61,99,"26,2","23,3","47,0",62,31,68,"777,8",7,"1,8","0,3","0,3","0,0","37,6","50,4","6000,0","1,0","11,1",202,"1020,3","1019,4","1021,7","1009,2"
2024-08-16 01:00,"19,0","11,0","28,6","19,3","15,1",81,52,99,"25,3","23,2","35,9",59,41,65,"1001,6",9,"0,0","0,0","0,0","0,0","37,6","50,4","6000,0","1,0","9,3",182,"1019,9","1018,7","1021,4","1007,6"
2024-08-17 01:00,"19,4","13,3","24,5","19,4","17,9",91,63,99,"24,6","24,0","25,2",63,61,66,"744,4",7,"7,8","7,2","5,9","0,2","0,2","57,8","6000,0","1,5","16,6",311,"1020,0","1018,7","1021,2","1005,7"
2024-08-18 01:00,"18,8","13,7","22,1","18,8","18,0",95,78,99,"24,3","23,6","25,2",66,64,67,"668,5",6,"9,0","14,4","15,2","0,0","14,4","72,0","6000,0","0,7","11,1",170,"1021,1","1019,6","1024,0","1006,8"
2024-08-19 01:00,"18,1","12,5","25,9","18,1","15,4",85,64,99,"24,3","23,1","27,0",63,56,66,"584,3",5,"0,0","0,0","0,0","0,0","14,4","72,0","6000,0","1,1","16,6",38,"1019,4","1016,0","1022,2","1005,3"
2024-08-20 01:00,"18,4","11,9","25,4","18,4","16,6",90,60,99,"23,8","23,1","25,0",64,62,66,"791,6",7,"13,8","11,7","11,7","0,0","26,1","83,7","6000,0","1,7","21,9",284,"1021,2","1019,1","1025,1","1006,3"
2024-08-21 01:00,"19,2","14,5","25,3","19,2","17,4",90,72,99,"24,0","23,2","26,3",65,60,66,"645,9",6,"7,8","3,8","3,8","0,0","29,9","87,5","6000,0","1,3","13,0",160,"1019,6","1018,1","1020,9","1007,7"
2024-08-22 01:00,"18,1","12,8","24,6","18,1","16,6",91,73,99,"23,6","23,0","25,3",65,62,68,"619,9",6,"0,0","0,0","0,0","0,0","29,9","87,5","6000,0","1,1","11,1",191,"1019,8","1017,2","1022,0","1003,8"
2024-08-23 01:00,"19,8","11,7","28,6","20,3","17,4",87,65,99,"24,9","22,4","40,5",63,38,67,"701,5",6,"0,0","0,0","0,0","0,0","29,9","87,5","6000,0","0,9","11,1",178,"1019,9","1018,2","1021,3","1002,6"
2024-08-24 01:00,"18,2","14,8","27,1","18,3","17,1",94,68,99,"23,6","21,1","25,9",68,63,80,"867,1",8,"7,8","8,1","7,1","0,3","0,3","95,9","6000,0","1,4","27,7",350,"1021,2","1016,4","1027,6","1003,2"
2024-08-25 01:00,"17,2","12,0","22,5","17,2","15,0",88,66,99,"23,6","22,7","29,6",65,52,68,"424,3",4,"0,0","0,3","0,3","0,0","0,3","95,9","6000,0","1,0","11,1",146,"1020,9","1019,4","1022,5","1011,4"
2024-08-26 01:00,"18,1","11,9","24,4","18,1","15,1",84,63,99,"24,0","22,4","30,7",63,51,66,"775,6",7,"0,0","0,0","0,0","0,0","0,3","95,9","6000,0","1,5","14,8",150,"1019,1","1017,2","1020,9","1008,1"
2024-08-27 01:00,"19,3","11,5","29,3","19,5","15,7",82,50,99,"24,1","22,5","28,7",63,55,65,"763,0",7,"0,0","0,0","0,0","0,0","0,3","95,9","6000,0","1,8","16,6",193,"1019,3","1016,2","1023,6","1002,2"
2024-08-28 01:00,"18,8","15,1","23,9","18,8","17,4",92,72,99,"23,6","23,1","24,6",66,64,67,"740,5",7,"0,0","0,0","0,0","0,0","0,3","95,9","6000,0","0,7","9,3",201,"1020,7","1019,2","1023,3","1003,7"
2024-08-29 01:00,"19,3","17,4","24,2","19,3","18,3",94,77,99,"23,4","22,9","25,8",67,62,68,"478,8",4,"34,8","15,8","13,5","2,8","18,9","114,5","6000,0","0,8","9,3",216,"1020,4","1018,9","1022,0","1005,1"
2024-08-30 01:00,"19,9","17,1","24,7","19,9","19,1",95,77,99,"23,2","22,7","24,2",67,65,69,"681,9",6,"3,0","3,8","13,7","0,0","19,9","115,5","6000,0","0,4","7,2",202,"1019,9","1018,1","1021,2","1004,5"
2024-08-31 01:00,"20,4","18,3","27,0","20,5","19,7",96,78,99,"23,2","22,6","24,7",68,64,69,"794,2",7,"65,4","17,5","17,5","0,0","0,0","0,0","6000,0","0,7","18,3",244,"1019,9","1016,9","1022,5","1001,9"
2024-09-01 01:00,"20,0","16,4","25,2","20,0","19,3",96,79,99,"23,2","22,6","24,2",68,66,69,"756,0",7,"4,8","2,6","1,3","0,0","2,6","2,6","6000,0","0,5","11,1",144,"1021,3","1019,8","1022,4","1002,9"
2024-09-02 01:00,"17,5","14,8","22,3","17,5","17,0",97,86,99,"22,7","22,2","23,5",69,67,69,"315,8",3,"13,8","17,8","16,5","0,8","21,2","21,2","6000,0","1,5","16,6",298,"1020,8","1018,7","1024,0","1003,5"
2024-09-03 01:00,"16,4","14,7","19,0","16,4","15,5",95,80,99,"22,2","21,8","22,8",68,67,69,"281,5",2,"9,0","26,4","16,8","0,5","47,6","47,6","6000,0","1,5","13,0",316,"1021,0","1020,0","1022,5","1006,7"
2024-09-04 01:00,"16,0","14,3","19,3","16,0","15,6",97,83,99,"21,7","20,7","22,6",69,67,71,"700,1",6,"13,8","17,4","10,9","0,3","64,8","64,8","6000,0","0,9","21,9",311,"1020,2","1018,7","1021,2","1007,7"
2024-09-05 01:00,"14,0","11,9","18,2","14,0","13,3",95,72,99,"21,1","20,4","21,7",68,67,69,"452,4",4,"7,2","25,2","16,8","2,5","92,2","92,2","6000,0","0,7","13,0",317,"1017,9","1014,2","1021,2","1001,1"
2024-09-06 01:00,"14,9","9,0","21,3","14,9","12,6",87,57,99,"21,1","20,0","23,9",65,54,69,"873,6",8,"4,8","8,6","11,4","0,0","98,3","98,3","6000,0","0,8","9,3",162,"1019,7","1017,7","1021,9","994,8"
2024-09-07 01:00,"15,4","10,8","21,0","15,4","13,3",89,63,99,"21,0","20,0","23,5",65,60,67,"812,4",7,"0,0","0,0","0,0","0,0","0,0","98,3","6000,0","1,2","14,8",224,"1022,3","1020,3","1024,7","998,5"
2024-09-08 01:00,"15,7","10,7","22,3","15,7","13,3",87,58,99,"21,3","19,9","25,0",65,57,67,"833,4",8,"1,8","0,3","0,3","0,0","0,3","98,6","6000,0","1,8","18,3",217,"1021,1","1019,0","1024,2","1003,3"
2024-09-09 01:00,"16,7","12,0","20,6","16,7","15,7",94,77,99,"20,5","20,2","21,2",67,65,68,"265,5",2,"4,8","2,3","1,2","0,3","2,9","101,2","6000,0","1,2","16,6",179,"1021,6","1020,3","1023,6","1008,7"
2024-09-10 01:00,"16,6","14,5","19,5","16,6","15,4",93,78,99,"20,4","19,9","21,1",68,66,69,"491,1",4,"3,0","1,3","0,8","0,0","3,9","102,2","6000,0","0,6","9,3",232,"1020,6","1019,8","1021,2","1010,3"
2024-09-11 01:00,"17,2","14,3","20,6","17,2","15,1",88,76,99,"20,2","19,7","21,1",68,66,69,"345,7",3,"39,6","33,6","25,7","5,8","43,3","141,6","6000,0","3,2","20,1",332,"1019,8","1018,2","1021,0","1008,0"
2024-09-12 01:00,"14,1","10,6","16,5","14,1","13,9",99,99,99,"19,7","19,3","19,9",69,69,69,"143,5",1,"13,8","55,1","50,0","0,0","92,6","190,9","6000,0","0,4","9,3",254,"1021,2","1019,0","1023,4","1008,6"
2024-09-13 01:00,"13,8","9,2","20,0","13,8","12,1",91,62,99,"20,0","19,0","23,5",67,59,69,"801,7",7,"6,0","3,3","2,5","0,0","95,9","194,2","6000,0","0,7","11,1",168,"1022,3","1020,0","1025,0","1014,4"
2024-09-14 01:00,"15,4","8,5","21,4","15,4","10,9",76,52,99,"20,2","18,7","23,9",60,51,67,"645,9",6,"0,0","0,0","0,0","0,0","0,0","194,2","6000,0","2,4","16,6",151,"1019,4","1016,7","1021,6","1013,0"
2024-09-15 01:00,"13,7","6,7","21,7","13,7","11,2",86,64,99,"20,5","19,0","24,0",61,55,64,"640,3",6,"0,0","0,0","0,0","0,0","0,0","194,2","6000,0","1,0","11,1",180,"1020,5","1018,9","1022,5","1012,1"
2024-09-16 01:00,"14,1","7,5","22,4","14,1","11,6",87,59,99,"20,5","19,0","23,8",62,56,65,"620,2",6,"1,8","0,3","0,3","0,0","0,3","194,5","6000,0","0,9","11,1",182,"1020,2","1018,9","1021,3","1011,8"
2024-09-17 01:00,"15,2","10,0","21,9","15,2","13,6",91,66,99,"20,1","19,4","22,4",64,60,66,"782,1",7,"0,0","0,0","0,0","0,0","0,3","194,5","6000,0","0,8","16,6",185,"1018,8","1015,6","1021,1","1007,3"
2024-09-18 01:00,"16,8","12,0","23,0","16,8","15,1",91,69,99,"20,5","19,3","27,3",65,53,68,"701,8",6,"0,0","0,0","0,0","0,0","0,0","0,0","0,0","0,8","11,1",168,"1019,6","1017,1","1021,2","1002,9"
2024-09-19 01:00,"17,1","10,6","24,2","17,1","15,5",91,72,99,"20,7","19,3","23,5",65,60,68,"540,0",5,"1,8","0,3","0,3","0,0","0,3","0,3","0,3","1,0","11,1",268,"1019,9","1017,5","1023,3","999,9"
2024-09-20 01:00,"17,3","12,5","23,8","17,3","16,3",94,70,99,"20,8","19,9","23,1",68,61,74,"435,5",4,"4,8","5,8","5,3","0,0","6,1","6,1","6,1","0,5","11,1",209,"1020,6","1019,4","1022,6","1000,4"
2024-09-21 01:00,"17,2","14,7","22,1","17,2","16,3",95,79,99,"20,6","20,1","22,3",69,66,71,"701,8",6,"7,2","4,7","4,1","0,0","0,0","10,8","10,8","0,8","11,1",303,"1020,6","1018,6","1023,4","1000,3"
2024-09-22 01:00,"16,5","14,0","20,7","16,5","15,1",92,75,99,"20,6","20,0","22,4",69,66,70,"679,7",6,"1,8","0,3","0,3","0,0","0,3","11,1","11,1","1,5","16,6",252,"1021,5","1020,3","1023,2","1003,4"
2024-09-23 01:00,"15,3","10,5","21,2","15,3","12,7",86,61,99,"20,9","19,7","23,6",66,50,70,"652,8",6,"1,8","0,3","0,3","0,0","0,6","11,4","11,4","1,8","18,3",181,"1020,1","1018,9","1021,2","1003,4"
2024-09-24 01:00,"16,2","11,6","24,0","16,2","13,9",88,58,99,"21,4","19,9","30,5",65,50,68,"606,4",5,"0,0","0,0","0,0","0,0","0,6","11,4","11,4","0,8","13,0",189,"1019,7","1017,7","1022,4","1000,2"
2024-09-25 01:00,"21,6","11,1","27,0","21,7","16,2",73,59,99,"21,3","20,0","25,7",66,59,68,"786,0",7,"18,0","7,4","7,9","7,4","8,5","19,3","19,3","9,2","56,8",199,"1017,3","1012,0","1022,3","993,4"
2024-09-26 01:00,"16,8","14,3","20,2","16,8","16,0",95,82,99,"21,0","20,4","22,1",68,66,69,"637,6",6,"24,6","50,3","39,1","0,0","51,4","62,2","62,2","1,5","25,6",238,"1021,8","1018,8","1025,5","994,6"
2024-09-27 01:00,"14,1","11,6","18,5","14,1","11,3",84,58,99,"21,8","20,1","31,9",64,45,69,"717,0",6,"15,0","13,5","7,3","3,0","67,9","78,7","78,7","4,9","33,2",307,"1023,2","1019,7","1027,5","1005,2"
2024-09-28 01:00,"13,1","8,3","18,8","13,1","11,2",89,68,99,"21,5","19,7","37,8",63,35,67,"659,8",6,"16,8","14,9","15,2","0,0","0,0","90,6","90,6","1,3","13,0",155,"1021,3","1017,5","1024,7","1013,0"
2024-09-29 01:00,"16,9","7,8","30,3","16,9","12,9",81,35,99,"22,3","19,1","41,2",59,28,66,"576,5",5,"0,0","0,0","0,0","0,0","0,0","90,6","90,6","1,2","14,8",163,"1018,9","1014,2","1023,7","1006,4"
2024-09-30 01:00,"18,0","13,3","24,3","18,0","16,6",92,77,99,"22,1","20,5","26,3",64,54,69,"587,7",5,"0,0","0,0","0,0","0,0","0,0","0,0","90,6","1,3","11,1",214,"1020,9","1017,7","1022,8","1007,1"
2024-10-01 01:00,"18,1","14,2","26,4","18,1","16,9",93,61,99,"21,6","20,9","23,2",67,64,69,"737,8",7,"18,0","14,5","14,2","2,3","16,8","16,8","107,4","1,5","18,3",233,"1019,7","1016,3","1023,3","1002,0"
2024-10-02 01:00,"15,5","13,1","17,4","15,5","15,4",99,98,99,"20,9","20,3","21,3",69,68,69,"120,5",1,"15,0","57,2","32,3","1,3","73,0","73,0","163,6","0,6","11,1",225,"1019,6","1013,4","1025,0","999,3"
2024-10-03 01:00,"14,4","8,8","20,5","14,4","12,4",89,63,99,"21,7","20,1","27,0",65,56,69,"632,8",6,"3,0","2,3","2,8","0,0","74,0","74,0","164,6","1,1","11,1",206,"1021,9","1020,3","1023,8","1004,3"
2024-10-04 01:00,"13,4","7,3","22,3","13,4","11,4",89,63,99,"21,2","19,8","27,3",63,50,67,"553,1",5,"1,8","0,3","0,3","0,0","74,3","74,3","164,9","1,1","13,0",179,"1020,2","1018,5","1021,2","1003,9"
2024-10-05 01:00,"18,1","10,0","26,9","18,1","15,3",86,57,99,"20,8","19,7","23,1",67,65,69,"632,5",6,"3,0","1,0","1,0","0,3","0,3","75,6","166,2","2,6","31,4",205,"1018,7","1013,2","1022,6","997,0"
2024-10-06 01:00,"20,0","14,5","25,4","20,0","17,0",84,61,99,"21,1","20,2","23,4",68,63,70,"595,5",5,"1,8","1,0","0,5","0,0","1,0","76,3","166,9","3,5","43,9",163,"1020,2","1018,0","1022,5","993,2"
2024-10-07 01:00,"17,9","12,2","24,0","17,9","15,2",86,56,99,"21,4","20,5","25,2",68,60,70,"461,6",4,"3,0","1,0","0,7","0,0","2,0","77,3","167,9","3,2","33,2",158,"1020,0","1014,7","1025,5","988,9"
2024-10-08 01:00,"20,2","14,1","22,1","20,2","12,9",63,55,85,"21,0","20,5","21,9",66,65,68,"397,4",3,"0,0","0,0","0,0","0,0","2,0","77,3","167,9","10,0","66,3",193,"1020,2","1014,7","1022,8","990,5"
2024-10-09 01:00,"19,5","13,5","26,0","19,5","14,6",75,57,98,"20,9","20,4","22,7",66,63,68,"614,2",5,"27,6","23,9","17,3","0,0","25,9","101,2","191,8","13,8","73,4",266,"1022,5","1009,1","1036,6","983,3"
2024-10-10 01:00,"15,1","10,8","19,5","15,1","12,3",84,65,99,"20,9","19,6","23,7",66,59,68,"616,5",14,"1,8","0,8","0,3","0,0","26,7","102,0","192,6","2,6","21,9",254,"1023,8","1020,2","1028,4","1000,5"
2024-10-11 01:00,"16,4","7,8","24,7","16,4","12,4",80,44,99,"20,6","19,5","23,1",65,60,67,"526,2",5,"1,8","0,3","0,3","0,0","27,0","102,3","192,9","1,6","34,9",144,"1018,7","1013,5","1021,2","997,6"
2024-10-12 01:00,"21,3","13,3","27,2","21,3","15,6",72,54,99,"21,6","20,2","26,3",64,55,67,"564,3",5,"0,0","0,0","0,0","0,0","0,0","102,3","192,9","5,1","36,7",174,"1022,2","1019,4","1026,8","996,3"
2024-10-13 01:00,"18,3","11,8","29,1","18,4","15,7",87,49,99,"22,2","20,4","27,5",65,55,67,"495,8",4,"0,0","0,0","0,0","0,0","0,0","102,3","192,9","1,3","18,3",180,"1021,8","1020,0","1023,3","1002,9"
2024-10-14 01:00,"19,1","13,2","26,3","19,1","17,4",91,66,99,"21,9","20,9","24,0",66,62,68,"409,5",4,"0,0","0,0","0,0","0,0","0,0","102,3","192,9","0,8","5,5",166,"1020,1","1017,8","1022,1","1002,0"
2024-10-15 01:00,"21,3","15,7","28,2","21,5","17,3",80,56,99,"22,4","21,2","25,4",67,61,68,"449,3",4,"1,8","0,3","0,3","0,0","0,3","102,6","193,2","2,1","27,7",206,"1017,8","1011,8","1021,8","992,2"
2024-10-16 01:00,"16,9","13,9","23,8","16,9","15,9",94,71,99,"22,1","21,5","24,0",68,64,69,"576,5",5,"10,8","17,6","13,5","0,0","17,9","120,2","210,8","1,7","20,1",191,"1021,4","1017,5","1027,3","992,9"
2024-10-17 01:00,"13,4","11,3","16,2","13,4","12,5",95,81,99,"21,1","20,4","22,7",68,65,69,"429,9",4,"25,8","45,0","23,8","0,2","63,1","165,4","256,0","3,5","29,5",324,"1022,6","1019,3","1026,0","1004,3"
2024-10-18 01:00,"14,5","9,4","19,8","14,5","12,1",86,59,99,"20,7","19,9","23,7",66,60,68,"619,4",6,"4,2","3,2","2,0","0,0","66,1","168,4","259,0","1,6","16,6",343,"1020,6","1019,2","1021,7","1009,0"
2024-10-19 01:00,"15,9","13,3","19,3","15,9","15,0",94,80,99,"20,1","19,7","21,2",67,65,68,"500,1",4,"1,8","0,3","0,3","0,0","0,0","168,7","259,3","1,4","13,0",37,"1019,8","1016,7","1021,8","1005,6"
2024-10-20 01:00,"18,3","12,6","26,4","18,3","15,0",84,43,99,"20,9","19,5","27,7",66,53,69,"495,8",4,"0,0","0,0","0,0","0,0","0,0","168,7","259,3","2,6","25,6",157,"1021,4","1019,6","1024,0","1007,6"
2024-10-21 01:00,"15,2","10,5","23,2","15,2","13,8",93,64,99,"20,6","19,6","24,3",66,56,68,"461,1",4,"9,6","11,9","9,9","0,3","12,2","180,9","271,5","2,1","23,8",298,"1021,4","1017,9","1026,2","1011,9"
2024-10-22 01:00,"13,9","8,9","18,5","13,9","12,9",94,76,99,"19,9","19,0","21,2",67,65,68,"477,1",4,"1,8","1,0","3,0","0,0","12,9","181,6","272,2","0,6","11,1",157,"1021,4","1019,9","1023,0","1018,4"
2024-10-23 01:00,"14,4","8,1","24,4","14,4","12,5",90,64,99,"20,4","18,6","27,2",65,52,68,"439,8",4,"1,8","0,3","0,3","0,0","13,2","181,9","272,5","1,1","9,3",177,"1018,7","1013,1","1021,2","1012,8"
2024-10-24 01:00,"22,1","12,9","25,8","22,1","13,8",60,47,98,"21,1","19,3","26,7",62,51,68,"444,6",4,"3,0","0,8","0,5","0,0","14,0","182,7","273,3","7,4","40,4",212,"1018,8","1016,0","1021,9","1004,8"
2024-10-25 01:00,"12,6","10,0","17,0","12,6","10,7",89,60,99,"20,2","19,2","23,4",63,56,65,"453,2",4,"15,6","17,2","12,7","0,0","31,2","199,9","290,5","1,6","16,6",317,"1022,1","1019,6","1024,0","1005,8"
2024-10-26 01:00,"10,5","8,8","13,4","10,5","9,8",96,76,99,"18,8","18,1","19,3",63,62,64,"176,9",1,"1,8","1,3","0,5","0,0","0,0","201,2","291,8","0,2","3,5",179,"1019,6","1017,3","1022,5","1004,2"
2024-10-27 01:00,"11,2","9,7","12,5","11,2","11,0",99,97,99,"17,7","17,1","18,1",65,64,66,"156,1",1,"47,4","55,1","50,3","0,0","55,1","256,3","346,9","0,5","7,2",137,"1022,9","1020,5","1025,4","1008,6"
2024-10-28 01:00,"11,3","7,1","17,4","11,3","10,5",95,80,99,"17,1","16,3","19,4",65,61,66,"380,3",3,"1,8","0,3","0,3","0,0","55,4","256,6","347,2","0,4","7,2",154,"1021,2","1019,8","1022,9","1013,2"
2024-10-29 01:00,"12,2","6,5","20,2","12,2","11,1",94,75,99,"17,2","15,7","21,1",63,56,66,"450,2",4,"1,8","0,3","0,3","0,0","55,7","256,9","347,5","1,1","11,1",169,"1020,1","1017,7","1021,1","1010,9"
2024-10-30 01:00,"15,0","10,2","19,8","15,0","13,3",90,67,99,"16,9","16,4","19,4",66,62,67,"275,9",2,"1,8","0,3","0,3","0,0","56,0","257,2","347,8","1,8","23,8",117,"1020,2","1017,0","1022,4","1006,9"
2024-10-31 01:00,"15,6","9,0","25,7","15,6","13,3",88,54,99,"18,1","16,0","24,3",64,50,68,"331,4",3,"0,0","0,0","0,0","0,0","56,0","0,0","347,8","1,4","13,0",139,"1021,5","1020,0","1022,8","1007,1"
2024-11-01 01:00,"16,2","11,4","26,5","16,2","14,0",89,56,99,"18,8","16,9","25,4",63,50,67,"368,2",3,"0,0","0,0","0,0","0,0","56,0","0,0","347,8","0,9","9,3",158,"1020,8","1019,3","1023,5","1007,2"
2024-11-02 01:00,"14,9","9,9","21,2","14,9","13,7",93,73,99,"19,2","17,2","25,5",65,53,69,"305,8",2,"1,8","0,3","0,3","0,0","0,0","0,3","348,1","1,0","9,3",196,"1020,9","1019,5","1022,3","1008,5"
2024-11-03 01:00,"15,6","9,8","26,2","15,6","12,8",86,48,99,"19,8","17,7","26,5",64,50,68,"313,5",3,"0,0","0,0","0,0","0,0","0,0","0,3","348,1","1,5","23,8",164,"1020,5","1017,9","1022,3","1007,3"
2024-11-04 01:00,"16,8","9,8","25,9","16,8","13,5",83,57,99,"19,4","18,1","24,4",66,55,68,"386,9",3,"0,0","0,0","0,0","0,0","0,0","0,3","348,1","1,8","20,1",172,"1020,8","1018,3","1022,4","1005,9"
2024-11-05 01:00,"17,8","11,2","25,6","17,8","13,7",79,55,99,"20,5","18,5","26,7",64,51,68,"298,9",2,"0,0","0,0","0,0","0,0","0,0","0,3","348,1","1,8","20,1",178,"1022,1","1020,2","1024,1","1008,6"
2024-11-06 01:00,"15,2","9,9","24,0","15,2","13,5",90,70,99,"20,8","18,4","27,8",65,51,69,"300,9",2,"0,0","0,0","0,0","0,0","0,0","0,3","348,1","1,1","9,3",180,"1020,8","1019,9","1022,2","1011,4"
2024-11-07 01:00,"14,7","9,2","26,0","14,7","12,7",89,59,99,"21,0","18,9","29,3",65,48,69,"305,4",2,"1,8","0,3","0,3","0,0","0,3","0,6","348,4","1,0","7,2",173,"1019,9","1016,8","1021,6","1008,0"
2024-11-08 01:00,"16,0","10,3","22,0","16,0","13,4",85,56,99,"19,5","18,9","20,6",68,65,69,"188,3",1,"0,0","0,0","0,0","0,0","0,3","0,6","348,4","1,2","21,9",117,"1020,6","1018,3","1025,6","1006,1"
2024-11-09 01:00,"13,5","8,0","18,7","13,5","11,6",89,64,99,"20,3","18,6","28,4",65,49,69,"416,8",4,"25,8","12,4","12,4","0,0","0,0","13,0","360,8","2,0","14,8",264,"1022,8","1020,5","1025,6","1013,3"
2024-11-10 01:00,"13,9","10,4","16,6","13,9","13,6",99,94,99,"18,5","18,1","19,1",68,67,69,"137,9",1,"12,0","19,8","15,0","0,8","20,6","33,6","381,4","0,7","11,1",268,"1021,1","1019,8","1023,6","1015,0"
2024-11-11 01:00,"13,0","11,2","15,1","13,0","12,6",97,87,99,"17,9","17,4","18,4",69,68,70,"136,2",1,"15,0","5,6","5,6","0,0","25,4","38,4","386,2","0,1","7,2",183,"1021,8","1020,2","1023,9","1018,6"
2024-11-12 01:00,"11,0","7,5","14,4","10,9","9,5",91,69,99,"17,7","16,7","22,4",68,60,70,"452,0",4,"13,8","13,2","10,7","0,5","39,1","52,1","399,9","1,1","14,8",179,"1018,3","1014,3","1021,0","1014,4"
2024-11-13 01:00,"9,3","6,6","13,6","9,3","7,4",88,70,99,"17,0","16,1","21,0",67,59,69,"413,7",4,"4,2","3,0","2,5","0,0","41,6","54,6","402,4","2,3","20,1",151,"1021,5","1020,0","1023,2","1010,9"
2024-11-14 01:00,"10,5","5,7","18,7","10,5","8,6",88,68,99,"17,6","15,5","26,0",64,48,68,"331,4",3,"0,0","0,0","0,0","0,0","41,6","54,6","402,4","2,0","13,0",147,"1020,2","1017,2","1022,0","1010,2"
2024-11-15 01:00,"10,2","4,7","19,9","10,2","9,1",94,70,99,"16,8","15,6","22,1",64,54,66,"542,7",5,"1,8","0,3","0,3","0,0","41,9","54,9","402,7","0,6","7,2",179,"1019,7","1016,6","1021,7","1007,1"
2024-11-16 01:00,"12,2","7,5","21,8","12,2","10,7",92,62,99,"17,0","15,4","24,0",65,52,68,"259,4",2,"1,8","0,3","0,3","0,0","0,0","55,2","403,0","0,8","5,5",167,"1021,3","1019,9","1023,6","1006,4"
2024-11-17 01:00,"12,3","8,8","14,7","12,3","11,9",98,89,99,"15,8","15,5","16,2",68,67,69,"79,8",0,"1,8","0,3","0,3","0,0","0,3","55,5","403,3","0,2","7,2",185,"1021,5","1020,4","1023,3","1009,2"
2024-11-18 01:00,"12,0","8,5","15,8","12,0","11,3",96,82,99,"15,6","15,1","16,5",68,66,69,"156,9",1,"0,0","0,0","0,0","0,0","0,3","55,5","403,3","0,3","5,5",190,"1020,1","1018,0","1021,3","1007,5"
2024-11-19 01:00,"12,7","8,8","15,6","12,7","11,6",93,72,99,"15,3","15,0","16,9",68,65,69,"321,4",3,"1,8","0,3","0,3","0,0","0,6","55,8","403,6","1,8","21,9",255,"1020,6","1019,3","1021,4","1005,6"
2024-11-20 01:00,"14,9","13,2","17,1","14,9","11,7",82,69,99,"15,3","15,0","16,1",69,67,69,"262,4",2,"7,8","13,5","13,5","0,0","14,1","69,3","417,1","4,9","25,6",323,"1020,8","1019,4","1021,8","1004,8"
2024-11-21 01:00,"13,2","9,8","18,6","13,2","10,9",87,57,99,"15,2","14,8","15,6",69,68,70,"97,5",0,"19,8","42,9","42,9","0,3","57,3","112,5","460,3","4,5","29,5",238,"1018,3","1009,6","1028,4","996,8"
2024-11-22 01:00,"8,8","4,4","14,1","8,7","6,3",85,45,99,"15,4","14,3","19,1",67,60,70,"340,9",3,"7,8","3,0","2,5","0,0","60,0","115,2","463,0","3,5","29,5",262,"1023,5","1017,6","1030,1","1006,5"
2024-11-23 01:00,"19,0","13,4","22,9","19,0","9,1",53,39,65,"16,0","14,3","23,3",63,49,68,"244,7",2,"0,0","0,0","0,0","0,0","0,0","115,2","463,0","13,8","64,4",211,"1019,2","1015,4","1021,9","1002,2"
2024-11-24 01:00,"20,5","12,4","25,2","20,5","9,6",52,32,83,"16,6","15,7","20,1",64,57,66,"199,0",1,"0,0","0,0","0,0","0,0","0,0","115,2","463,0","6,8","38,5",155,"1019,2","1015,9","1021,9","997,3"
2024-11-25 01:00,"12,3","5,9","24,2","12,3","9,6",86,39,99,"17,1","16,1","22,1",65,56,67,"310,1",3,"22,8","30,8","30,2","0,0","30,8","146,0","493,8","2,8","43,9",201,"1025,6","1019,7","1032,9","1001,6"
2024-11-26 01:00,"8,7","5,4","15,6","8,7","7,2",92,67,99,"15,9","15,0","17,2",66,63,67,"134,4",1,"0,0","0,0","0,0","0,0","30,8","146,0","493,8","0,2","5,5",162,"1021,5","1020,5","1022,8","1009,6"
2024-11-27 01:00,"10,5","5,4","21,6","10,5","8,4",89,52,99,"16,5","14,5","25,6",63,46,67,"240,8",2,"1,8","0,3","0,3","0,0","31,1","146,3","494,1","0,6","7,2",166,"1020,9","1019,3","1022,3","1009,8"
2024-11-28 01:00,"13,5","5,9","23,8","13,5","8,4",76,28,99,"16,8","14,6","25,9",62,46,67,"236,8",2,"1,8","0,3","0,3","0,0","31,4","146,6","494,4","2,0","34,9",174,"1020,1","1016,7","1021,6","1009,4"
2024-11-29 01:00,"18,7","9,0","24,7","18,7","10,0",62,34,99,"17,5","15,9","24,9",61,48,65,"238,1",2,"0,0","0,0","0,0","0,0","31,4","146,6","494,4","5,4","40,4",191,"1022,0","1019,7","1025,1","1010,1"
2024-11-30 01:00,"15,4","7,5","24,6","15,4","11,0",78,52,99,"17,7","15,9","23,9",63,52,68,"290,5",2,"0,0","0,0","0,0","0,0","0,0","0,0","494,4","2,4","27,7",150,"1020,2","1016,3","1021,7","1011,6"
2024-12-01 01:00,"17,6","11,4","21,2","17,6","12,1",73,46,99,"17,6","16,9","19,3",65,61,67,"239,4",2,"1,8","0,3","0,3","0,3","0,3","0,3","494,7","3,9","40,4",177,"1020,8","1019,4","1022,9","1009,8"
2024-12-02 01:00,"11,9","10,4","14,9","11,9","11,7",98,88,99,"16,8","16,3","17,6",67,66,68,"178,6",1,"7,8","12,5","7,4","0,3","12,8","12,8","507,2","0,5","14,8",181,"1021,6","1020,1","1023,1","1012,3"
2024-12-03 01:00,"10,5","9,0","13,2","10,5","10,0",97,83,99,"16,2","15,7","17,1",68,66,68,"214,7",2,"7,8","14,8","14,0","3,6","30,9","30,9","525,3","0,2","7,2",177,"1019,9","1016,7","1021,2","1010,8"
2024-12-04 01:00,"10,1","7,7","15,2","10,1","9,1",94,74,99,"16,6","15,3","23,2",65,52,69,"250,7",2,"3,6","4,8","4,8","0,0","32,1","32,1","526,5","0,8","11,1",147,"1023,7","1018,5","1028,9","1015,2"
2024-12-05 01:00,"12,6","7,7","18,5","12,6","11,6",94,76,99,"15,7","15,0","18,1",67,61,68,"345,7",3,"6,0","5,3","5,3","0,3","37,7","37,7","532,1","0,9","11,1",132,"1020,5","1018,6","1022,1","1014,9"
2024-12-06 01:00,"14,8","12,9","18,0","14,8","14,3",97,86,99,"15,5","15,2","17,0",68,65,69,"118,8",1,"6,0","15,8","14,5","0,0","53,2","53,2","547,6","1,0","11,1",356,"1021,7","1019,3","1023,9","1015,4"
2024-12-07 01:00,"10,6","7,6","14,6","10,0","8,8",89,71,99,"15,1","14,3","16,0",68,67,70,"170,9",1,"18,6","29,2","19,5","1,3","1,3","83,7","578,1","9,4","43,9",316,"1020,5","1015,9","1022,9","1013,8"
2024-12-08 01:00,"8,1","6,0","10,6","7,2","6,0",87,66,99,"13,9","13,3","14,6",68,66,68,"150,5",1,"49,8","44,7","23,4","3,8","48,5","130,9","625,3","7,8","43,9",322,"1019,9","1018,7","1021,3","1013,7"
2024-12-09 01:00,"7,3","5,8","9,5","7,2","6,8",97,77,99,"13,1","12,7","13,9",68,66,69,"167,4",1,"18,0","35,5","28,4","0,0","80,2","162,6","657,0","1,2","25,6",40,"1020,1","1017,7","1022,5","1010,2"
2024-12-10 01:00,"6,4","5,1","7,9","6,4","6,2",99,94,99,"13,1","12,5","14,7",67,63,68,"130,9",1,"6,0","10,4","5,6","0,5","91,1","173,5","667,9","0,1","5,5",160,"1020,5","1018,8","1022,2","1009,7"
2024-12-11 01:00,"5,9","4,8","8,1","5,9","5,3",96,85,99,"12,6","11,9","13,8",66,63,67,"128,0",1,"3,0","2,3","1,8","0,0","92,9","175,3","669,7","0,3","7,2",160,"1020,3","1018,3","1022,4","1008,3"
2024-12-12 01:00,"6,7","1,4","15,1","6,7","5,1",91,58,99,"13,7","11,5","21,3",62,47,67,"248,1",2,"0,0","0,0","0,0","0,0","92,9","175,3","669,7","0,7","9,3",166,"1021,1","1019,8","1022,4","1008,7"
2024-12-13 01:00,"5,7","1,9","15,4","5,7","4,4",92,53,99,"13,3","11,5","20,4",62,48,66,"213,8",2,"0,0","0,0","0,0","0,0","92,9","175,3","669,7","0,6","5,5",164,"1022,0","1019,7","1026,6","1009,8"
2024-12-14 01:00,"7,6","1,9","12,4","7,6","6,9",95,76,99,"12,3","11,6","16,3",64,56,65,"284,9",2,"9,6","18,2","12,4","0,0","0,0","193,5","687,9","1,4","18,3",22,"1023,4","1020,6","1026,4","1019,2"
2024-12-15 01:00,"8,5","4,1","13,9","8,5","7,8",96,79,99,"12,4","11,5","17,8",64,54,66,"312,7",3,"7,8","10,2","10,2","0,0","10,2","203,7","698,1","0,8","13,0",155,"1022,2","1019,7","1024,6","1026,1"
2024-12-16 01:00,"6,6","1,2","17,0","6,6","5,2",92,66,99,"13,1","10,8","20,7",62,46,67,"283,2",2,"1,8","0,3","0,3","0,0","10,5","204,0","698,4","1,3","9,3",156,"1018,1","1012,4","1022,1","1021,0"
2024-12-17 01:00,"12,7","3,1","21,8","12,7","5,9",69,32,99,"12,8","11,2","17,9",62,52,65,"248,5",2,"0,0","0,0","0,0","0,0","10,5","204,0","698,4","4,7","48,0",171,"1018,5","1013,8","1021,3","1014,5"
2024-12-18 01:00,"18,7","13,0","20,4","18,7","10,0",58,38,79,"14,7","13,1","19,9",60,51,63,"258,5",2,"0,0","0,0","0,0","0,0","10,5","204,0","698,4","11,9","56,8",204,"1019,6","1016,7","1021,1","1009,7"
2024-12-19 01:00,"11,1","6,2","18,8","11,0","9,0",88,47,99,"14,3","13,6","15,8",64,62,66,"158,3",1,"13,8","26,2","19,6","0,0","36,7","230,2","724,6","5,1","42,2",299,"1023,1","1016,3","1029,3","1011,6"
2024-12-20 01:00,"8,2","5,7","10,3","8,2","7,6",96,81,99,"13,6","13,1","15,0",65,63,67,"284,9",2,"10,8","10,2","5,6","0,0","46,9","240,4","734,8","1,2","13,0",322,"1021,5","1020,3","1023,1","1020,4"
2024-12-21 01:00,"12,0","7,4","14,8","12,0","8,5",80,64,95,"13,9","12,8","17,8",64,56,67,"301,4",2,"0,0","0,0","0,0","0,0","0,0","240,4","734,8","3,7","23,8",305,"1021,0","1019,3","1022,4","1019,9"
2024-12-22 01:00,"12,1","9,3","14,5","11,9","9,8",86,77,97,"13,8","13,3","14,9",65,63,67,"155,7",1,"18,0","18,6","18,3","0,8","19,4","259,8","754,2","7,7","43,9",305,"1020,3","1015,3","1024,5","1018,1"
2024-12-23 01:00,"9,4","6,4","11,6","9,4","7,3",87,73,99,"13,6","12,9","15,6",66,62,67,"257,1",2,"4,8","4,3","3,0","1,5","24,4","264,8","759,2","3,1","20,1",317,"1022,1","1020,5","1024,1","1021,2"
2024-12-24 01:00,"9,9","7,5","11,7","9,9","9,1",95,84,99,"13,1","12,7","13,7",66,65,67,"72,4",0,"3,0","2,6","2,3","0,0","25,5","265,9","760,3","1,8","18,3",22,"1020,2","1018,4","1021,7","1020,9"
2024-12-25 01:00,"9,6","5,1","16,8","9,6","8,8",95,77,99,"14,7","12,6","23,2",63,46,67,"256,8",2,"1,8","0,3","0,3","0,0","25,8","266,2","760,6","0,7","13,0",168,"1020,0","1016,6","1021,6","1018,1"
2024-12-26 01:00,"8,0","4,8","10,2","8,0","7,7",98,94,99,"13,2","12,8","14,3",66,64,67,"107,0",1,"0,0","0,0","0,0","0,0","25,8","266,2","760,6","0,4","5,5",171,"1021,1","1020,1","1022,1","1016,5"
2024-12-27 01:00,"8,4","3,2","16,7","8,4","7,3",93,70,99,"14,8","12,5","23,9",62,45,67,"253,2",2,"0,0","0,0","0,0","0,0","25,8","266,2","760,6","1,1","7,2",169,"1021,3","1018,7","1023,5","1016,1"
2024-12-28 01:00,"7,8","2,0","14,2","7,8","6,8",94,74,99,"14,1","12,2","20,4",63,51,66,"278,4",2,"1,8","0,3","0,3","0,0","0,0","266,5","760,9","0,7","9,3",166,"1021,5","1020,1","1023,3","1017,4"
2024-12-29 01:00,"6,7","1,8","16,3","6,7","5,4",92,64,99,"14,7","12,3","24,0",61,43,66,"252,4",2,"1,8","0,3","0,3","0,0","0,3","266,8","761,2","0,9","9,3",180,"1020,8","1018,1","1022,5","1017,5"
2024-12-30 01:00,"4,7","0,4","13,6","4,7","3,5",93,69,99,"14,3","11,8","23,7",60,43,65,"249,4",2,"1,8","0,3","0,3","0,0","0,6","267,1","761,5","0,8","9,3",180,"1021,1","1019,1","1024,0","1017,0"
2024-12-31 01:00,"4,5","0,1","13,3","4,5","3,2",92,65,99,"14,0","11,5","23,6",59,42,65,"246,4",2,"1,8","0,3","0,3","0,0","0,9","0,0","761,8","0,8","7,2",177,"1020,9","1019,2","1022,3","1017,9"
