Time,Outdoor,,,,,,,,Solar and UVI,,Rainfall,,,,,,,Wind,,,Pressure,,,
,Temperature(℃),Temperature Low(℃),Temperature High(℃),Feels Like(℃),Dew Point(℃),Humidity(%),Humidity Low(%),Humidity High(%),Solar(W/m²),UVI,Rain Rate(mm/hr),Daily(mm),Event(mm),Hourly(mm),Weekly(mm),Monthly(mm),Yearly(mm),Wind Speed(km/h),Wind Gust(km/h),Wind Direction(º),Relative(hPa),Relative Low(hPa),Relative High(hPa),Absolute(hPa)
2023-01-01 01:00:00,18.4,11,22.2,18.4,8.7,56,38,99,326.1,3,6,6.9,9.4,2.5,9.4,9.4,-,8.1,56.8,248,1020.3,1016.7,1024.3,1003.2
2023-01-02 01:00:00,9.2,3.1,13.5,9.2,7.2,88,58,99,288.8,2,16.8,26.6,33.5,0,33.5,33.5,-,1.1,11.1,155,1030.4,1022.7,1034.6,1013.3
2023-01-03 01:00:00,6.2,1.8,16.4,6.2,3.7,86,50,99,1064.9,10,1.8,0.3,33.5,0,33.8,33.8,-,1.2,7.2,172,1036,1033.6,1038.4,1018.9
2023-01-04 01:00:00,8.9,2.8,18.4,8.9,6.3,85,56,96,260.7,2,0,0,0,0,33.8,33.8,-,1.2,9.3,159,1038.4,1037.2,1039.7,1021.3
2023-01-05 01:00:00,8.7,3.7,17.9,8.7,6.6,88,60,99,303.1,2,0,0,0,0,33.8,33.8,-,1.2,9.3,175,1033.6,1030.6,1038.1,1016.5
2023-01-06 01:00:00,8.8,3.1,16.8,8.8,4.6,81,19,99,427.2,4,1.2,0.2,0.2,0,34,34,-,2.7,33.2,172,1027.5,1021.3,1031,1010.5
2023-01-07 01:00:00,13.3,9.9,16.6,13.3,7,68,29,99,282.4,2,3,2.6,2.8,0.2,0.2,36.8,-,13,58.7,209,1018.9,1016.8,1022.1,1001.8
2023-01-08 01:00:00,11.3,7.2,16.6,11.2,9.1,88,57,99,256.3,2,24,26.6,30,0.8,27.4,64,-,5.5,34.9,279,1015.7,1011.7,1021.5,998.6
2023-01-09 01:00:00,9.5,5,13.9,9.4,5.3,76,58,97,293.6,2,9,3.9,33.1,0,30.5,67.1,-,5,25.6,287,1028.4,1021.2,1033.2,1011.3
2023-01-10 01:00:00,10.4,2.9,18.1,10.4,5.9,76,52,97,272.8,2,0,0,33.1,0,30.5,67.1,-,3.3,34.9,160,1029.9,1026.7,1032.3,1012.8
2023-01-11 01:00:00,11.1,5.4,17.1,11.1,8.6,86,54,99,186.4,1,19.8,21.3,21.3,0,51.8,88.4,-,3,25.6,259,1033.4,1025.9,1037.1,1016.3
2023-01-12 01:00:00,7.7,2.9,13.8,7.7,6.2,91,72,99,308.4,3,1.2,0.2,21.5,0,52,88.6,-,1.2,9.3,149,1032.3,1029.9,1036,1015.2
2023-01-13 01:00:00,11.3,5.8,17.1,11.3,9.3,88,70,99,358.3,3,1.8,0.6,0.6,0,52.6,89.2,-,1.8,16.6,274,1031.9,1029.6,1034.1,1014.8
2023-01-14 01:00:00,15.8,6,19.9,15.8,6.5,55,41,99,290.2,2,1.2,0.2,0.2,0,0,89.4,-,8.2,38.5,211,1024.3,1019.8,1030,1007.4
2023-01-15 01:00:00,9.2,4.3,15.5,8.8,4.6,75,41,98,353.6,3,16.8,22.9,23.1,0.2,23.1,112.5,-,5.9,46,284,1025.4,1015,1029.7,1009
2023-01-16 01:00:00,9.8,8.3,14.6,9.1,8.2,91,61,99,32.4,0,21,125.9,153.7,4.9,153.7,243.1,-,7.5,43.9,295,1008.1,996.9,1015.6,991.7
2023-01-17 01:00:00,6.1,1.9,11.6,4,4.1,87,70,97,334,3,25.8,71.9,228.6,7.6,228.6,318,-,12,51.5,287,1002.2,997.6,1005.6,985.8
2023-01-18 01:00:00,3,0.4,5.8,2.4,2.2,95,75,99,223.8,2,21.6,50.3,263.9,4.6,276.1,365.5,-,3.6,34.9,15,1016,1004,1027.4,998.1
2023-01-19 01:00:00,7.9,2.5,11.9,7.5,6,88,71,99,131.9,1,38.4,57.9,65.5,0,329.4,418.8,-,7.4,49.7,286,1023.1,1016.5,1028.3,1002.4
2023-01-20 01:00:00,7.5,4.4,12.4,7.5,5.6,88,63,99,383.4,3,1.8,0.8,66.3,0,330.2,419.6,-,0.7,7.2,131,1030.9,1026.1,1032.7,1010.2
2023-01-21 01:00:00,4.1,-0.3,9.5,4.1,1.8,86,60,99,389.9,3,1.8,0.3,0.3,0,0,419.9,-,1.3,9.3,160,1035.8,1032.5,1039.5,1015.1
2023-01-22 01:00:00,2.5,-1.3,9.5,2.5,0.5,88,60,99,428.5,4,0,0,0,0,0,419.9,-,1.2,13,173,1041.1,1039,1042.6,1020.4
2023-01-23 01:00:00,3.7,1.2,5.1,3.7,3.3,97,94,99,38.2,0,4.8,11.4,11.6,0.2,11.6,431.5,-,0.4,5.5,169,1039.8,1038,1041.3,1019.1
2023-01-24 01:00:00,4.2,2.7,6,4.2,3.8,97,87,99,319.2,3,7.8,11.7,23.1,0,23.1,443,-,0.5,7.2,176,1039.9,1038.1,1041.7,1019.2
2023-01-25 01:00:00,5.1,2.9,7.4,5.1,4.3,95,76,99,105.8,1,4.2,4.8,23.1,0,27.9,447.8,-,0.5,7.2,149,1041,1038.3,1042.7,1020.3
2023-01-26 01:00:00,6.2,5.3,7.4,6.2,5.7,97,87,99,150,1,7.8,14,18.8,0,41.9,461.8,-,1.1,14.8,83,1034,1031.3,1038.4,1013.3
2023-01-27 01:00:00,5.6,3.8,8.4,5.5,4.7,94,72,99,469.3,4,15.6,25.9,45.9,1.2,69,488.9,5104.2,1.3,20.1,96,1033.6,1032,1035.5,1012.9
2023-01-28 01:00:00,4.6,3.1,6.9,4.6,4.2,97,87,99,229.4,2,7.2,19.8,64.5,0,0,507.5,5122.8,0.8,18.3,146,1036.8,1034.4,1039.4,1016.1
2023-01-29 01:00:00,5,3.3,8.1,5,3.5,91,64,99,380,3,3,2.8,67.3,0,2.8,510.3,5125.6,0.7,14.8,157,1039.3,1037.9,1040.8,1018.6
2023-01-30 01:00:00,4.7,0.9,10.5,4.7,2.6,88,58,99,399.1,3,0,0,67.3,0,2.8,510.3,5125.6,0.7,9.3,160,1041.4,1039.5,1043.4,1020.7
2023-01-31 01:00:00,6.6,3.1,12.4,6.6,4.6,87,62,98,459.4,4,0,0,0,0,2.8,0,5125.6,0.8,11.1,276,1042.4,1041.3,1044.1,1021.7
2023-02-01 01:00:00,8,4.8,13.1,8,6.7,92,71,99,336.2,3,3,2.3,1.6,0,5.1,2.3,5127.9,1,14.8,118,1042.2,1040.3,1043.4,1021.5
2023-02-02 01:00:00,6.7,1.1,13,6.6,3.4,81,60,99,350,3,0,0,1.6,0,5.1,2.3,5127.9,2.6,27.7,130,1042.4,1040.5,1044,1021.7
2023-02-03 01:00:00,4.6,-0.9,14.3,4.6,2.6,88,57,99,348.3,3,0,0,0,0,5.1,2.3,5127.9,1.3,13,161,1043.8,1042,1045.4,1023.1
2023-02-04 01:00:00,5.5,-1.2,12.5,5.5,3.3,87,66,99,374.7,3,1.2,0.2,0.2,0,0,2.5,5128.1,1.4,14.8,154,1046.3,1044.3,1049.3,1025.6
2023-02-05 01:00:00,7.9,6.4,10.2,7.9,6.3,90,77,97,128,1,0,0,0,0,0,2.5,5128.1,0.4,7.2,123,1048,1045.6,1050.2,1027.3
2023-02-06 01:00:00,6,-0.2,10.6,5.9,3.4,85,62,97,418.1,4,0,0,0,0,0,2.5,5128.1,1.7,16.6,135,1041,1037.7,1045.7,1020.3
2023-02-07 01:00:00,3.3,-1,8.6,3.3,2.1,92,72,99,465.9,4,6,2.3,2.3,0,2.3,4.8,5130.4,1.6,20.1,151,1035.3,1032.5,1037.9,1014.6
2023-02-08 01:00:00,5.7,-0.2,13.8,5.7,3.7,88,66,99,354.4,3,1.8,0.3,2.6,0,2.6,5.1,5130.7,1.7,13,136,1037.3,1035.5,1039.7,1016.6
2023-02-09 01:00:00,4.7,-0.7,13.6,4.7,2.4,86,52,99,473.2,4,0,0,0,0,2.6,5.1,5130.7,1.3,11.1,160,1043,1039.3,1046.5,1022.3
2023-02-10 01:00:00,4.6,-1.3,14.6,4.6,1.6,83,45,99,390.4,3,1.2,0.2,0.2,0,2.8,5.3,5130.9,1.7,13,157,1044.8,1042.4,1046.7,1024.1
2023-02-11 01:00:00,5.9,-1.7,17.4,5.9,0.1,71,34,97,407.2,3,0,0,0,0,0,5.3,5130.9,1.8,11.1,163,1039,1036.1,1042.9,1018.3
2023-02-12 01:00:00,10.4,3.5,18.3,10.3,0.8,54,32,84,397.4,3,0,0,0,0,0,5.3,5130.9,3,21.9,114,1037.8,1035.9,1039.3,1017.1
2023-02-13 01:00:00,12.8,3.1,19.7,12.8,3.4,54,36,84,421.6,4,0,0,0,0,0,5.3,5130.9,3.2,23.8,129,1038.2,1036.6,1039.9,1017.5
2023-02-14 01:00:00,15.6,11.5,19.6,15.6,2.3,41,33,56,421.6,4,0,0,0,0,0,5.3,5130.9,5.9,33.2,189,1033.8,1031.1,1037.3,1013.1
2023-02-15 01:00:00,12.3,4.9,19.1,12.3,4.3,61,37,88,424.3,4,0,0,0,0,0,5.3,5130.9,3.8,31.4,188,1035.2,1031.8,1038.4,1014.5
2023-02-16 01:00:00,8.7,2.4,18,8.7,5.1,80,51,98,427.2,4,0,0,0,0,0,5.3,5130.9,1.6,16.6,153,1039.2,1037.5,1040.9,1018.5
2023-02-17 01:00:00,9,2.5,19.7,9,6.3,85,55,99,442,4,0,0,0,0,0,5.3,5130.9,1.6,14.8,163,1039.9,1037.9,1041.7,1019.2
2023-02-18 01:00:00,9.3,3,17.5,9.3,6.8,86,51,98,481.5,4,0,0,0,0,0,5.3,5130.9,1.7,13,148,1037.6,1035.4,1039.1,1016.9
2023-02-19 01:00:00,10.5,5.7,16.2,10.5,9,91,74,99,477.1,4,0,0,0,0,0,5.3,5130.9,1.6,14.8,126,1037.7,1035.5,1040,1017
2023-02-20 01:00:00,12.2,3.9,22.2,12.2,9.4,85,47,99,478.8,4,0,0,0,0,0,5.3,5130.9,1,7.2,171,1030.8,1026.9,1036.1,1010.1
2023-02-21 01:00:00,12,7.7,17.2,12,9.3,85,60,95,366.5,3,0,0,0,0,0,5.3,5130.9,1.2,9.3,132,1027.3,1026.1,1028.4,1006.6
2023-02-22 01:00:00,10.7,7.4,13.4,10.7,9.3,92,71,99,179.1,1,21.6,35.8,40.1,4.6,40.4,45.7,5171.3,2.4,20.1,314,1027.4,1025.7,1028.8,1006.6
2023-02-23 01:00:00,4.2,3,7.4,4.1,3.8,97,92,99,172.1,1,10.8,60.2,96.7,1,97,102.3,5227.9,1.8,16.6,322,1023.1,1020.5,1026.7,1002.4
2023-02-24 01:00:00,7.3,0.9,12.6,7.1,2.8,76,49,99,518.8,5,3.6,2.3,98,0,98.3,103.6,5229.2,3.2,20.1,249,1017.7,1015.1,1021.2,997
2023-02-25 01:00:00,7.5,5.1,11.5,7.5,5.2,86,67,99,276.2,2,3,2,100,0,0,105.6,5231.2,1.1,11.1,130,1015.6,1013.5,1019.5,994.9
2023-02-26 01:00:00,6.2,4.3,9.3,6.1,2.9,81,54,99,456.3,4,7.2,3.9,103.9,0,3.9,109.5,5235.1,1.6,21.9,43,1024.1,1018.9,1028.7,1003.4
2023-02-27 01:00:00,4.1,2.6,6.5,3.9,-0.5,73,54,96,426.3,4,1.2,0.2,103.9,0,4.1,109.7,5235.3,1.7,20.1,249,1029.8,1027.6,1033.8,1009.1
2023-02-28 01:00:00,4.4,2.1,7.7,4.4,1.2,81,55,99,343,3,1.8,0.8,0.5,0,4.9,110.5,5236.1,1.3,13,137,1034.5,1033,1035.9,1013.8
2023-03-01 01:00:00,3.6,1,6.9,3.6,1.7,88,69,98,540,5,6,4,4,0,8.9,114.5,5240.1,0.9,9.3,140,1030.3,1028.3,1033.9,1009.6
2023-03-02 01:00:00,5.8,2.3,8.7,5.7,3.4,86,62,98,162.2,1,1.8,0.5,4,0,9.4,115,5240.6,1.5,13,161,1031.4,1029.7,1033.2,1010.7
2023-03-03 01:00:00,6.6,5,8.6,6.5,5,90,72,99,94.9,0,3,3.9,3.9,0,13.3,118.9,5244.5,1.2,13,321,1032.5,1031.4,1034,1011.8
2023-03-04 01:00:00,6.7,0.7,11.8,6.7,4.8,89,61,99,329.2,3,0,0,3.9,0,0,118.9,5244.5,1,7.2,165,1032.2,1030.2,1034.2,1011.5
2023-03-05 01:00:00,5.4,-1.3,14.6,5.4,2.8,85,58,99,522.7,5,1.2,0.2,0.2,0,0.2,119.1,5244.7,1.5,13,160,1025.2,1021.2,1030.5,1004.5
2023-03-06 01:00:00,7.5,1.7,14.6,7.5,5.3,88,62,99,622.9,6,0,0,0,0,0.2,119.1,5244.7,1.2,13,165,1020.2,1016.4,1022.7,999.5
2023-03-07 01:00:00,12,4.1,17.3,12,8.2,78,56,99,397.4,3,0,0,0,0,0.2,119.1,5244.7,4.5,40.4,289,1014.8,1011.3,1018,994.2
2023-03-08 01:00:00,16.9,9.4,21.5,16.9,10.3,67,52,96,469.8,4,0,0,0,0,0.2,119.1,5244.7,11,55,202,1013.1,1010.6,1016.9,992.4
2023-03-09 01:00:00,15.1,8,20.9,15.1,8.2,65,44,97,646.8,6,0,0,0,0,0.2,119.1,5244.7,7.4,42.2,201,1016.2,1013.9,1020.5,995.5
2023-03-10 01:00:00,16.2,8.2,22.6,16.2,9.4,66,44,89,519.7,5,0,0,0,0,0.2,119.1,5244.7,3.2,27.7,272,1024,1020.1,1026.4,1003.3
2023-03-11 01:00:00,14.5,11.2,18.5,14.5,12.2,87,61,99,521.4,5,9.6,17.8,18.8,1.3,1.3,138.2,5263.8,1.9,16.6,7,1026.5,1023.4,1029.8,1005.8
2023-03-12 01:00:00,17.3,13,23.3,17.3,14.1,84,41,99,715.3,6,4.8,4.1,21.6,0,4.1,141,5266.6,2.6,34.9,171,1026.2,1020.9,1029.9,1005.5
2023-03-13 01:00:00,17.3,8.8,22.5,17.3,8.2,59,31,96,700.1,6,13.8,8.1,21.6,0,12.2,149.1,5274.7,8.8,46,210,1018.7,1014.3,1024.5,998
2023-03-14 01:00:00,12.4,9.8,15.8,12.4,7.2,71,54,88,715.8,6,1.8,0.5,8.6,0,12.7,149.6,5275.2,5.3,29.5,319,1029.3,1024.3,1032,1008.6
2023-03-15 01:00:00,13.2,7.3,20.3,13.2,9.3,78,58,96,589.9,5,0,0,0,0,12.7,149.6,5275.2,1.7,14.8,148,1025.8,1019.4,1031.2,1005.1
2023-03-16 01:00:00,18.8,7.7,26.5,18.8,6.4,50,24,92,426,4,0,0,0,0,12.7,149.6,5275.2,5.8,36.7,200,1015.5,1012.6,1019.7,994.8
2023-03-17 01:00:00,14.1,8.5,21,14.1,8.4,73,39,99,600.3,5,7.8,1.8,1.8,0,14.5,151.4,5277,5.9,48,164,1016.8,1014.8,1019.8,996.1
2023-03-18 01:00:00,13.3,10.7,17.5,13.3,8.1,73,48,96,628.6,6,9.6,8.1,10.7,0.8,0.8,160.3,5285.9,5.5,29.5,284,1023.2,1018.7,1029.1,1002.5
2023-03-19 01:00:00,10.9,5.8,15.4,10.9,9.4,91,71,99,847.7,8,10.8,14.2,24.1,0,14.2,173.7,5299.3,3.6,25.6,311,1031.8,1028.9,1033.6,1011.1
2023-03-20 01:00:00,11,2.8,21.6,11,7.7,83,42,99,611.2,5,1.8,0.3,24.4,0,14.5,174,5299.6,1.6,11.1,174,1028.9,1025.8,1032.6,1008.2
2023-03-21 01:00:00,11.2,5.5,17.4,11.2,8.8,86,64,99,729.6,14,0,0,0,0,14.5,174,5299.6,1.6,13,143,1027.4,1024.1,1029.2,1006.7
2023-03-22 01:00:00,13.8,6.2,22.1,13.8,9,78,28,99,570.8,5,0,0,0,0,14.5,174,5299.6,2.1,23.8,168,1021.3,1018.2,1024.4,1000.6
2023-03-23 01:00:00,17.6,8.9,22.6,17.6,7.6,55,35,89,418.1,4,0,0,0,0,14.5,174,5299.6,8.6,43.9,209,1018,1015.6,1020,997.3
2023-03-24 01:00:00,13,6.5,19.4,13,8.5,76,48,98,745.6,7,3,2.3,2.3,0,16.8,176.3,5301.9,2.9,29.5,342,1026.1,1018.1,1031.3,1005.4
2023-03-25 01:00:00,12.9,5.4,21.2,12.9,8,75,37,97,818.1,14,1.8,0.7,2.3,0.7,0.7,177,5302.6,2.7,34.9,210,1027.2,1021.2,1031.6,1006.5
2023-03-26 01:00:00,12.7,10,16.3,12.7,8.5,78,47,98,1350.5,14,9,6.6,6.6,0,6.6,182.9,5308.5,8.2,49.7,317,1029.5,1025.5,1035,1008.8
2023-03-27 01:00:00,10.7,4.6,16.9,10.7,7.6,83,52,99,811.6,7,10.8,4,10.6,0,10.6,186.9,5312.5,1.8,21.9,146,1033.4,1030.6,1035.2,1012.7
2023-03-28 01:00:00,16.5,4.3,28,16.5,7.8,63,26,99,644.6,6,0,0,10.6,0,10.6,186.9,5312.5,2.1,25.6,157,1027.8,1025.6,1030.8,1007.1
2023-03-29 01:00:00,23.7,12,28.3,23.7,5.8,35,21,81,643.2,14,0,0,0,0,10.6,186.9,5312.5,7.5,51.5,203,1024.2,1020.7,1026.9,1003.5
2023-03-30 01:00:00,17.9,9.2,24.2,17.9,9.3,61,37,94,686.2,6,0,0,0,0,10.6,186.9,5312.5,6.3,43.9,172,1025.4,1021.2,1029.3,1004.7
2023-03-31 01:00:00,14,11.4,19.4,14,9.5,75,47,89,409.9,4,0,0,0,0,10.6,0,5312.5,4.2,27.7,322,1027.9,1023.2,1031.3,1007.2
2023-04-01 01:00:00,11.2,8.3,13.1,11.1,8,81,64,93,344,3,15.6,7.9,8.4,0.5,0.5,8.4,5320.9,6.8,33.2,315,1031,1029.3,1034.2,1010.3
2023-04-02 01:00:00,9.9,5.7,12.9,9.8,7.6,86,66,97,852.4,8,9,6.6,14.5,0,6.6,14.5,5327,4.4,29.5,331,1036.3,1033.8,1037.7,1015.6
2023-04-03 01:00:00,9.5,2.3,16.8,9.5,6.3,82,54,99,668.9,6,0,0,14.5,0,6.6,14.5,5327,2.5,20.1,154,1029.7,1025.4,1035.7,1009
2023-04-04 01:00:00,9,1.6,15.2,9,6.1,83,60,98,846.7,8,0,0,0,0,6.6,14.5,5327,1.3,13,161,1029.9,1027,1032.6,1009.2
2023-04-05 01:00:00,7.9,-1.5,18.4,7.9,4.2,80,46,99,666.7,6,1.8,0.3,0.3,0,6.9,14.8,5327.3,1.4,11.1,167,1029.9,1027.8,1032.3,1009.2
2023-04-06 01:00:00,9.4,1.3,19,9.4,5.5,80,41,99,750.4,7,0,0,0,0,6.9,14.8,5327.3,1.6,14.8,169,1029.3,1028.2,1030.8,1008.6
2023-04-07 01:00:00,11.2,2,22.2,11.2,7.3,80,52,99,691.9,6,0,0,0,0,6.9,14.8,5327.3,1.6,13,166,1024.6,1021.8,1028.4,1003.9
2023-04-08 01:00:00,13.4,4.3,24.3,13.4,8.5,76,39,99,692.3,6,0,0,0,0,0,14.8,5327.3,1.4,11.1,176,1025,1023.6,1026.8,1004.3
2023-04-09 01:00:00,13.4,6,22.2,13.4,6.5,67,36,94,633.7,6,0,0,0,0,0,14.8,5327.3,3.3,21.9,202,1028.1,1024.7,1031.5,1007.3
2023-04-10 01:00:00,13.5,5,20.3,13.5,9.4,78,49,98,726.2,7,3,1,1,1,1,15.8,5328.3,2.9,16.6,274,1032.5,1030,1034.7,1011.8
2023-04-11 01:00:00,13.2,7.6,16.9,13.2,11.4,90,72,99,696.7,6,3,2,2,0,2,16.8,5329.3,1.1,9.3,166,1029,1022.4,1034.8,1008.3
2023-04-12 01:00:00,9.2,6.5,12.2,9.1,7.7,90,73,99,356.5,3,12,25.1,25.9,0.8,27.9,42.7,5355.2,4,25.6,300,1024.5,1019.6,1028.4,1003.8
2023-04-13 01:00:00,10.1,6.4,12.9,10.1,6,76,57,97,684.5,6,7.8,7.1,32.2,0,34.2,49,5361.5,5.2,33.2,338,1026.6,1024.9,1028.2,1005.9
2023-04-14 01:00:00,12.9,9,16.1,12.9,10.2,84,72,97,896.6,8,6,5.1,37.3,0,39.3,54.1,5366.6,6.5,38.5,309,1024.5,1021.2,1029.6,1003.8
2023-04-15 01:00:00,12.4,11.3,13.4,12.4,10.6,89,79,98,339.6,3,9,5.4,42.7,0,0,59.5,5372,5.1,23.8,323,1032.8,1028.9,1035.6,1012.1
2023-04-16 01:00:00,12.4,4.5,18.6,12.4,9,82,40,99,804.2,7,0,0,42.7,0,0,59.5,5372,1.6,16.6,144,1029.5,1019.9,1035.3,1012
2023-04-17 01:00:00,11.8,4.5,17.9,11.8,6.5,72,43,99,731.8,7,0,0,0,0,0,59.5,5372,2.5,21.9,140,1018.7,1017,1020.3,1008.2
2023-04-18 01:00:00,10.9,4.3,17.7,10.9,8.1,84,57,99,811.2,7,0,0,0,0,0,59.5,5372,1.9,21.9,174,1014.1,1011.5,1017.8,1003.6
2023-04-19 01:00:00,13,4.3,23,13,9.4,82,50,99,821.6,7,0,0,0,0,0,59.5,5372,1.7,13,203,1014.9,1007.9,1024,999.3
2023-04-20 01:00:00,13.4,7,20.6,13.4,11.1,87,64,99,752.1,7,0,0,0,0,0,59.5,5372,1.8,14.8,295,1021.3,1019.6,1023,998
2023-04-21 01:00:00,14.1,9.8,21.2,14.1,11.4,84,66,97,691.9,6,0,0,0,0,0,59.5,5372,2.6,29.5,278,1016.1,1011.8,1020,992.8
2023-04-22 01:00:00,14.1,8.3,20.8,14.1,9.7,78,46,99,958.3,9,3,2,2,0,0,61.5,5374,1.4,16.6,168,1021.4,1017.9,1023.1,998.1
2023-04-23 01:00:00,14.4,11.7,18.7,14.4,11.3,84,46,97,984.3,9,7.8,15,15,0,15,76.5,5389,2.1,23.8,277,1024.8,1019.7,1029.3,1001.5
2023-04-24 01:00:00,15,11.7,20.5,15,12.7,87,68,98,814.6,7,0,0,15,0,15,76.5,5389,1.5,16.6,359,1028.3,1026.9,1029,1005
2023-04-25 01:00:00,16.4,12.6,22,16.4,14.3,88,63,99,892.3,8,1.8,0.8,0.8,0,15.8,77.3,5389.8,1.2,13,222,1027.4,1026.3,1028.5,1004.1
2023-04-26 01:00:00,17.9,14.6,23.7,17.9,15.9,89,71,99,944,9,1.2,0.2,0.2,0,16,77.5,5390,0.7,9.3,166,1027.1,1025.7,1028.4,1003.8
2023-04-27 01:00:00,18,11.6,26.7,18,15.7,87,56,99,1023.7,9,0,0,0,0,16,77.5,5390,1.4,9.3,228,1025.2,1024.1,1028,1001.9
2023-04-28 01:00:00,14.8,11.7,19.6,14.8,14.1,96,85,99,796.4,7,1.8,0.3,0.3,0,16.3,77.8,5390.3,2.7,18.3,278,1025.8,1023.1,1029.3,1002.5
2023-04-29 01:00:00,15.5,13.7,18.4,15.5,14.7,95,85,99,331.4,3,3,1.5,1.6,0.3,0.3,79.6,5392.1,1.6,9.3,315,1030.5,1027.7,1033.5,1007.2
2023-04-30 01:00:00,15.1,13.4,20.1,15.1,13.8,92,71,99,891,8,3,4.1,5.4,0,4.1,0,5395.9,1.5,14.8,302,1033.1,1032,1034.3,1009.8
2023-05-01 01:00:00,14.9,8.6,20.6,14.9,12.7,88,71,99,881.9,8,0,0,5.4,0,4.1,0,5395.9,1.6,16.6,186,1032.4,1031,1033.6,1009.1
2023-05-02 01:00:00,15.2,6,24.1,15.2,11.4,81,49,99,779,7,0,0,0,0,4.1,0,5395.9,2,18.3,167,1028.2,1024.6,1032.5,1004.9
2023-05-03 01:00:00,20.8,10.6,33.6,20.9,12,65,20,98,786,7,0,0,0,0,4.1,0,5395.9,3,43.9,176,1022.2,1017.6,1027.5,998.9
2023-05-04 01:00:00,17.3,10.5,25,17.3,12.2,75,36,99,941.7,9,0,0,0,0,4.1,0,5395.9,2.2,21.9,158,1028,1024.4,1031.4,1004.7
2023-05-05 01:00:00,15.8,8.9,23,15.8,11.5,78,48,99,776,7,0,0,0,0,4.1,0,5395.9,1.4,18.3,186,1028.5,1025.6,1030.5,1005.2
2023-05-06 01:00:00,14.3,8.1,21.4,14.3,12.1,88,61,99,834.2,8,6.6,4,4,0,0,4,5399.9,1.8,20.1,167,1026.9,1023.9,1031.1,1003.6
2023-05-07 01:00:00,14.7,9.1,19.9,14.7,12.8,89,73,99,919.6,8,1.8,0.8,4.8,0,0.8,4.8,5400.7,1.2,14.8,257,1033.5,1030.6,1036.6,1010.2
2023-05-08 01:00:00,15.3,7.6,23.6,15.3,11.8,82,52,99,747,7,0,0,0,0,0.8,4.8,5400.7,1.5,13,204,1034.5,1032.8,1036.4,1011.2
2023-05-09 01:00:00,14.5,11.9,16.8,14.5,13,91,77,98,502.3,4,7.8,9.7,9.7,0,10.5,14.5,5410.4,3.5,21.9,321,1034.4,1031.2,1037.3,1011.1
2023-05-10 01:00:00,12.5,9.3,15.8,12.5,10.8,90,68,99,899.3,8,9,7.3,17,0,17.8,21.8,5417.7,2,16.6,302,1035.7,1034.7,1036.9,1012.4
2023-05-11 01:00:00,11.2,9.8,13.9,11.2,10.5,95,80,99,852.4,8,22.8,28.2,45.2,0,46,50,5445.9,2,18.3,336,1033.4,1032,1035,1010.1
2023-05-12 01:00:00,11.2,9.4,15.5,11.2,10.1,93,74,99,969.5,9,25.8,42.9,89.4,1.3,90.2,94.2,5490.1,2.1,25.6,306,1031.7,1029.7,1034.2,1008.4
2023-05-13 01:00:00,12,8.7,16.5,12,10.9,93,72,99,915.7,8,22.8,16.3,104.4,0,0,109.2,5505.1,2.7,21.9,321,1034.3,1033,1035.5,1011
2023-05-14 01:00:00,13.2,10.5,15.7,13.2,11.8,92,80,99,747,7,7.8,3.6,108,0,3.6,112.8,5508.7,2.4,16.6,321,1034.8,1033.2,1036.1,1011.5
2023-05-15 01:00:00,12.3,10.3,14.2,12.3,11.7,96,87,99,354.4,3,13.8,10.9,108,0,14.5,123.7,5519.6,1.3,14.8,335,1034,1033,1035.4,1010.7
2023-05-16 01:00:00,11.8,5.9,17.3,11.8,9.1,85,62,99,972.6,9,4.8,1,11.9,0,15.5,124.7,5520.6,1.2,14.8,169,1034.5,1033.5,1036.1,1011.2
2023-05-17 01:00:00,12.7,7.3,18.4,12.7,8.6,78,50,99,849.8,8,0,0,11.9,0,15.5,124.7,5520.6,1.6,16.6,207,1035.4,1034.2,1036.8,1012.1
2023-05-18 01:00:00,13.1,8.3,19.1,13.1,9.5,81,44,99,901.4,8,0,0,0,0,15.5,124.7,5520.6,1.5,16.6,197,1035.8,1034.2,1037.3,1012.5
2023-05-19 01:00:00,12.8,8.6,19.3,12.8,10.6,88,58,99,887.1,8,3,0.5,0.5,0,16,125.2,5521.1,1.8,18.3,275,1034.9,1033.7,1036.9,1011.6
2023-05-20 01:00:00,12.9,9,17.3,12.9,11,89,71,99,1075,10,50.4,33.3,33.3,0,0,158.5,5554.4,2.1,16.6,295,1030.1,1028.3,1034.1,1006.8
2023-05-21 01:00:00,14.3,10.9,18.8,14.3,12.2,88,69,99,888.8,8,0,0,33.3,0,0,158.5,5554.4,1.8,14.8,327,1027.1,1025.6,1028.6,1003.8
2023-05-22 01:00:00,13.5,9.1,16.9,13.5,12.8,95,79,99,521.8,5,9.6,9.6,9.6,0,9.6,168.1,5564,1.3,13,328,1028.2,1027.2,1030.3,1004.9
2023-05-23 01:00:00,15,14.1,17,15,14.7,98,90,99,283.2,2,9,5.6,15.2,0,15.2,173.7,5569.6,0.6,11.1,294,1029.8,1028.9,1031,1006.5
2023-05-24 01:00:00,15,13.1,18.8,15,14,94,80,99,875.4,8,3,1.8,17,0,17,175.5,5571.4,1.1,13,327,1031,1029.3,1033.2,1007.7
2023-05-25 01:00:00,13.1,9.1,19.2,13.1,11.4,90,66,99,970.4,9,16.8,12.7,17.2,0,29.7,188.2,5584.1,1.6,21.9,167,1031.7,1030,1032.7,1008.4
2023-05-26 01:00:00,16.3,7.4,23,16.3,13.1,83,60,99,951.3,9,1.2,0.2,12.7,0,29.9,188.4,5584.3,2,23.8,75,1028.9,1026.8,1031.2,1005.6
2023-05-27 01:00:00,20.3,13.1,28,20.5,15.6,77,48,99,799,7,0,0,0,0,0,188.4,5584.3,1.2,13,153,1026.5,1024.7,1028.2,1003.2
2023-05-28 01:00:00,17.7,12,24.4,17.7,16,90,72,99,783.8,7,0,0,0,0,0,188.4,5584.3,1.4,13,313,1025.5,1024.2,1026.8,1002.2
2023-05-29 01:00:00,18.5,13.3,23.9,18.5,16.1,87,67,99,1034.1,10,0,0,0,0,0,188.4,5584.3,1.4,13,279,1025.4,1024.2,1027.1,1002.1
2023-05-30 01:00:00,17.2,11.2,23.1,17.2,15.6,91,76,99,834.2,8,0,0,0,0,0,188.4,5584.3,1.5,14.8,288,1027.1,1025,1028.7,1003.8
2023-05-31 01:00:00,18,14.7,22.6,18,16.4,90,76,99,829.4,8,1.8,0.3,0.3,0,0.3,0,5584.6,1.5,13,295,1027.3,1026,1028.4,1004
2023-06-01 01:00:00,17.2,12.9,23.1,17.2,15.3,89,70,99,806.8,7,0,0,0,0,0.3,0,5584.6,1.2,11.1,285,1024.6,1022.3,1026.9,1001.3
2023-06-02 01:00:00,18.8,11.5,26.7,18.8,15.3,82,54,99,793.8,7,0,0,0,0,0.3,0,5584.6,1.3,13,174,1023.4,1022.1,1025,1000.1
2023-06-03 01:00:00,19,12,25.5,19,16.7,87,64,99,1116.2,10,0,0,0,0,0,0,5584.6,1.4,13,288,1024.7,1023.6,1026.5,1001.4
2023-06-04 01:00:00,19.4,14,24.7,19.4,17.4,89,72,99,870.7,8,0,0,0,0,0,0,5584.6,1.5,14.8,248,1026,1024.5,1027.9,1002.7
2023-06-05 01:00:00,19.3,13,26.7,19.3,16.8,87,62,99,804.7,7,0,0,0,0,0,0,5584.6,1.3,14.8,182,1025.9,1024.5,1027.4,1002.6
2023-06-06 01:00:00,20.6,13.3,28.4,21,17.5,84,59,99,771.7,7,0,0,0,0,0,0,5584.6,1.1,11.1,171,1024,1022.4,1025.7,1000.7
2023-06-07 01:00:00,21,15.1,28.4,21.2,18.4,86,64,99,407.2,3,3,1,1,0,1,1,5585.6,1,20.1,152,1020.1,1018.6,1022.5,996.8
2023-06-08 01:00:00,22.8,18.1,29.5,23,17.8,75,50,96,996.4,9,3,1.3,1.3,0,2.3,2.3,5586.9,1.8,16.6,110,1017.6,1015.7,1019.6,994.3
2023-06-09 01:00:00,22.4,15.1,28.1,22.4,16.1,69,46,98,1033.7,10,0,0,1.3,0,2.3,2.3,5586.9,4.6,40.4,190,1018.3,1015,1022.9,995
2023-06-10 01:00:00,19.5,14.2,24.4,19.5,17.6,89,73,99,892.3,8,0,0,0,0,0,2.3,5586.9,1,13,234,1025,1022.6,1028,1001.7
2023-06-11 01:00:00,19.8,14.5,26.7,19.8,17.7,88,65,99,981.2,9,0,0,0,0,0,2.3,5586.9,1.1,16.6,175,1026.1,1024.5,1027.6,1002.8
2023-06-12 01:00:00,18.9,14.5,26.1,18.9,17.4,91,67,99,875.4,8,7.8,5.8,5.8,0,5.8,8.1,5592.7,0.8,13,165,1024.1,1021.7,1026.2,1000.8
2023-06-13 01:00:00,17.1,14.7,19.4,17.1,16.3,95,86,99,341.8,3,67.2,53.9,59.7,0,59.7,62,5646.6,1.7,16.6,288,1023.7,1021.1,1027.6,1000.4
2023-06-14 01:00:00,18.1,15.6,20.9,18.1,16.1,88,79,98,592.1,5,4.8,2.3,62,0,62,64.3,5648.9,2.1,14.8,330,1029.7,1027,1032.3,1006.4
2023-06-15 01:00:00,19.3,13.3,25,19.3,16.6,86,66,99,800,7,0,0,62,0,62,64.3,5648.9,1.2,11.1,316,1031.6,1030.7,1032.6,1008.3
2023-06-16 01:00:00,20.1,11.9,29.2,20.4,17.9,88,65,99,944,9,12,3.3,3.3,0,65.3,67.6,5652.2,1,9.3,216,1027.7,1025.1,1030.9,1004.4
2023-06-17 01:00:00,18.7,15.7,21.8,18.7,17.2,92,78,99,856.4,8,1.8,0.5,3.8,0,0,68.1,5652.7,1.7,14.8,343,1025.2,1023.6,1026.2,1001.9
2023-06-18 01:00:00,18.4,14.5,23.4,18.4,17.1,93,76,99,602.5,5,1.2,0.2,0.2,0,0.2,68.3,5652.9,1.2,13,171,1022.6,1020.5,1023.9,999.3
2023-06-19 01:00:00,19.5,16.3,26.9,19.5,18.3,93,67,99,817.7,7,13.8,3.8,3,0,4,72.1,5656.7,0.9,9.3,122,1020.1,1017.8,1022.7,996.8
2023-06-20 01:00:00,17.3,15.7,19.2,17.3,16.9,98,83,99,616,6,10.8,14,17,0,18,86.1,5670.7,0.6,14.8,154,1023.9,1020.2,1027.9,1000.6
2023-06-21 01:00:00,17.8,15.7,20.3,17.8,17.3,97,91,99,441.5,4,1.8,1.3,17.8,0,19.3,87.4,5672,0.4,7.2,132,1027.4,1026.4,1029,1004.1
2023-06-22 01:00:00,19.6,15.2,24.8,19.6,17.4,88,68,99,979.5,9,7.8,5.1,5.6,0,24.4,92.5,5677.1,1.1,13,143,1033.1,1028.6,1036.6,1009.8
2023-06-23 01:00:00,20.3,13.4,27.3,20.4,17.9,87,69,99,866.3,8,0,0,5.6,0,24.4,92.5,5677.1,1,11.1,157,1035.1,1033.7,1036.3,1011.8
2023-06-24 01:00:00,22.6,13.3,31.9,24,19,82,53,99,941.4,9,0,0,0,0,0,92.5,5677.1,1.4,16.6,164,1029.3,1026.2,1033.9,1006
2023-06-25 01:00:00,20.2,16.4,23.9,20.2,17.8,87,72,98,937.8,9,0,0,0,0,0,92.5,5677.1,3.3,21.9,330,1031.9,1026.8,1035.2,1008.6
2023-06-26 01:00:00,19.3,17.5,22.7,19.3,18,92,76,99,349.1,3,1.8,1.2,0.7,0,1.2,93.7,5678.3,0.6,9.3,159,1034.8,1033.6,1036.2,1011.5
2023-06-27 01:00:00,19.3,13,24.6,19.3,16.5,85,63,99,797.3,7,1.8,0.3,0.8,0,1.5,94,5678.6,0.8,11.1,113,1033.3,1031.6,1035.4,1010
2023-06-28 01:00:00,18.5,12.5,25,18.5,16.5,89,68,99,870.2,8,0,0,0,0,1.5,94,5678.6,1.4,13,319,1030.6,1029.4,1032,1007.3
2023-06-29 01:00:00,17,14.7,19,17,16.6,98,92,99,353.6,3,28.8,25.9,25.9,0.2,27.6,120.1,5704.7,1.4,21.9,328,1032.1,1030,1035.8,1008.8
2023-06-30 01:00:00,17.4,13.2,21.6,17.4,14.1,82,63,99,1117.4,10,1.8,0.7,26.4,0,28.1,0,5705.2,2.5,14.8,324,1034.4,1032.5,1035.7,1011.1
2023-07-01 01:00:00,19.2,17.7,22.4,19.2,16,82,65,96,694,6,0,0,0,0,0,0,5705.2,2.8,16.6,313,1031.9,1031,1032.8,1008.6
2023-07-02 01:00:00,19.7,16.1,23.2,19.7,18.1,91,81,99,1150,11,3.6,0.6,0.6,0,0.6,0.6,5705.8,1.3,13,293,1031.6,1030.5,1032.3,1008.3
2023-07-03 01:00:00,18.8,13.1,25.6,18.8,16.4,87,63,99,895.8,8,0,0,0,0,0.6,0.6,5705.8,0.8,11.1,149,1030.4,1029.7,1031.7,1007.1
2023-07-04 01:00:00,19.7,14.1,24.3,19.7,17,85,69,99,932.2,9,0,0,0,0,0.6,0.6,5705.8,2.1,16.6,300,1030.4,1029.2,1032.1,1007.1
2023-07-05 01:00:00,18.8,15,22.1,18.8,17.1,90,78,99,764.7,7,3,0.7,0.5,0,1.3,1.3,5706.5,1,11.1,156,1030.3,1028.3,1032.2,1007
2023-07-06 01:00:00,19,14.4,24,19,17,89,73,99,683.2,6,0,0,0,0,1.3,1.3,5706.5,0.8,11.1,168,1026.3,1025,1028.7,1003
2023-07-07 01:00:00,22.7,13.9,34.9,24,18.9,82,47,99,782.6,7,0,0,0,0,1.3,1.3,5706.5,1.7,21.9,171,1022.1,1018.4,1025.9,998.8
2023-07-08 01:00:00,21.3,15.2,27.4,21.4,18.5,85,66,99,853.3,8,0,0,0,0,0,1.3,5706.5,1.2,16.6,184,1027.5,1023.8,1030.7,1004.2
2023-07-09 01:00:00,18.2,17,19.9,18.2,17.8,98,95,99,332.6,3,3.6,5.9,5.9,0,5.9,7.2,5712.4,0.5,7.2,253,1033.6,1030.2,1035.9,1010.3
2023-07-10 01:00:00,20.6,13.5,28.4,20.9,18,87,68,99,892.3,8,0,0,5.9,0,5.9,7.2,5712.4,0,1.8,312,1032.2,1030,1034.9,1008.9
2023-07-11 01:00:00,19.1,14.3,24.6,19.1,17.3,90,69,99,751.3,7,0,0,0,0,5.9,7.2,5712.4,0,0,236,1029.1,1027.7,1031,1005.8
2023-07-12 01:00:00,19.9,16.8,25.4,19.9,18.1,90,67,99,931.3,9,9,6.3,7.1,1,13.2,14.5,5719.7,0,0,139,1030.6,1028.6,1033.7,1007.3
2023-07-13 01:00:00,19.7,15.7,25.2,19.7,17.7,89,69,99,989.9,9,3,2.3,8.4,0,14.5,15.8,5721,0,1.8,280,1031.7,1027.6,1034.3,1008.4
2023-07-14 01:00:00,21.4,13.2,29.7,21.9,17.2,80,40,99,798.6,7,0,0,8.4,0,14.5,15.8,5721,1.4,18.3,284,1023.5,1021.4,1027.9,1000.2
2023-07-15 01:00:00,17.8,15.1,20.1,17.8,16.7,93,79,99,303.6,2,10.8,11.9,11.9,0,0,27.7,5732.9,0.9,14.8,148,1025.4,1020.8,1030.5,1003.9
2023-07-16 01:00:00,17.1,14.7,21.2,17.1,15.3,90,69,99,815.1,7,1.8,0.8,0.5,0,0.8,28.5,5733.7,0.4,9.3,143,1021.5,1020.3,1023.5,1007.6
2023-07-17 01:00:00,19.4,15.5,24.1,19.4,16.9,87,68,99,794.2,7,0,0,0,0,0.8,28.5,5733.7,1.2,13,197,1021.4,1017.9,1022.9,1007.5
2023-07-18 01:00:00,19.2,14.7,22.9,19.2,17.8,92,80,99,504.9,4,0,0,0,0,0.8,28.5,5733.7,1.8,20.1,295,1020.8,1017.2,1024.3,1006.9
2023-07-19 01:00:00,19.3,13.8,24.1,19.3,17.4,89,74,99,665,6,0,0,0,0,0.8,28.5,5733.7,0.7,9.3,187,1022.6,1021.3,1023.8,1008.7
2023-07-20 01:00:00,17.7,11.8,22.8,17.7,15.8,89,73,99,766.4,7,0,0,0,0,0.8,28.5,5733.7,0.6,9.3,264,1019.1,1017.9,1021.5,1005.2
2023-07-21 01:00:00,18.1,13.1,22.8,18.1,16.6,92,72,99,830.3,8,7.2,2.5,2,0,3.3,31,5736.2,0.5,9.3,171,1020,1018.4,1022.1,1006.1
2023-07-22 01:00:00,18.3,11.6,25,18.3,16,88,68,99,864.5,8,1.8,0.3,2,0,0,31.3,5736.5,0.9,13,315,1020.5,1019.5,1021.7,1006.6
2023-07-23 01:00:00,19.3,14.4,23.9,19.3,17.4,89,71,99,830.7,8,0,0,0,0,0,31.3,5736.5,0.5,5.5,191,1016.4,1014.8,1019.5,1002.5
2023-07-24 01:00:00,16.9,15.2,19.6,16.9,16.4,97,82,99,288.5,2,12,16,16,0,16,47.3,5752.5,0.8,11.1,27,1016.8,1014.1,1019.5,1002.8
2023-07-25 01:00:00,17.8,15.5,21.1,17.8,14.5,82,70,96,940,9,6,1,17,0,17,48.3,5753.5,3.6,21.9,314,1020.8,1018.3,1022.8,1006.9
2023-07-26 01:00:00,19.8,14.6,25.4,19.8,17.4,87,68,99,954.7,9,0,0,17,0,17,48.3,5753.5,1.6,14.8,297,1020.5,1017.8,1022.2,1006.6
2023-07-27 01:00:00,19.1,14,25.4,19.1,17.6,92,74,99,655.5,6,0,0,0,0,17,48.3,5753.5,1.3,13,338,1016.2,1014.9,1018.3,1002.2
2023-07-28 01:00:00,21.3,15.2,27.8,21.5,18.2,84,60,99,771.7,7,0,0,0,0,17,48.3,5753.5,1.1,13,202,1015.6,1014.8,1016.9,1001.7
2023-07-29 01:00:00,19.2,15.3,23.5,19.2,18,93,77,99,346.9,3,10.8,4.5,5.6,1.1,1.1,53.9,5759.1,1.5,16.6,296,1018.1,1014,1022.6,1004.2
2023-07-30 01:00:00,18.8,14.2,23.1,18.8,17.3,92,77,99,427.7,4,4.2,3.9,8.4,0,3.9,56.7,5761.9,0.6,9.3,178,1023.3,1021.8,1024.3,1009.4
2023-07-31 01:00:00,18.7,12.3,25.8,18.7,16.6,89,70,99,898,8,1.2,0.2,8.4,0,4.1,0,5762.1,1.4,13,323,1021.1,1019.3,1023.2,1007.2
2023-08-01 01:00:00,20.1,14.5,24,20.1,18.6,92,80,99,827.6,8,1.8,0.5,0.5,0,4.6,0.5,5762.6,1.7,23.8,245,1017.6,1014.9,1019.4,1003.7
2023-08-02 01:00:00,18.8,16.3,28.8,18.9,17.8,94,62,99,969,9,7.8,13.2,14.5,1.3,19.1,15,5777.1,2,29.5,43,1014.7,1011.2,1018.5,1000.8
2023-08-03 01:00:00,17.2,14.9,21.1,17.2,14.9,87,70,99,966.5,9,12,10.7,24.4,0.5,29,24.9,5787,3.7,34.9,335,1020.5,1017.5,1023.7,1006.6
2023-08-04 01:00:00,16.3,12.2,19.9,16.3,14.5,90,72,99,1000.7,9,7.8,4.1,28,0,32.6,28.5,5790.6,2,18.3,10,1026.5,1023.4,1028.4,1012.5
2023-08-05 01:00:00,17.2,10.1,24.7,17.2,14.4,85,50,99,904.1,8,10.8,9.9,28,0.2,0.2,38.6,5800.7,2.5,21.9,282,1024.4,1022.7,1026.8,1010.5
2023-08-06 01:00:00,17.6,12.2,22.5,17.6,14.9,86,62,99,948.2,9,1.8,0.5,10.4,0,0.5,38.9,5801,1,13,182,1025.8,1024.9,1026.5,1011.9
2023-08-07 01:00:00,17.2,10.4,24.1,17.2,14,83,61,99,738.8,7,0,0,0,0,0.5,38.9,5801,1.6,18.3,166,1022.9,1021,1026.1,1009
2023-08-08 01:00:00,19.2,11,27.7,19.4,16.7,87,66,99,1115.7,10,0,0,0,0,0.5,38.9,5801,1.1,11.1,166,1019.5,1017.7,1021.5,1005.6
2023-08-09 01:00:00,23.1,13.8,34.8,25.4,19.6,83,62,99,659.4,6,0,0,0,0,0.5,38.9,5801,2.7,29.5,227,1019.7,1014.2,1028.7,1002.8
2023-08-10 01:00:00,21.6,15.8,27.4,21.6,18.4,83,64,99,794.7,7,0,0,0,0,0.5,38.9,5801,1,13,137,1030.5,1027.9,1032.6,1009.8
2023-08-11 01:00:00,21.4,13.8,30.3,21.9,17.2,80,47,99,723.5,7,0,0,0,0,0.5,38.9,5801,0.9,13,272,1030.2,1028.9,1031.6,1009.5
2023-08-12 01:00:00,18.5,15.2,24.4,18.5,17.7,96,78,99,409.5,4,7.8,9.4,9.4,0,9.9,48.3,5810.4,1,16.6,282,1030.7,1029.2,1031.8,1010
2023-08-13 01:00:00,19.5,18.3,21.9,19.5,18.1,92,82,98,134.8,1,0,0,0,0,0,48.3,5810.4,0.5,7.2,159,1020.3,1019.4,1021,1003.7
2023-08-14 01:00:00,20.4,16.4,25.5,20.4,18.2,88,65,99,965.2,9,0,0,0,0,0,48.3,5810.4,1,11.1,321,1019.7,1017.8,1022.3,1003.1
2023-08-15 01:00:00,19.7,13.8,25.4,19.7,17.7,89,70,99,738.3,7,6.6,3.9,6.4,3.9,6.4,54.7,5816.8,0.9,11.1,194,1021.8,1020.7,1023.3,1005.2
2023-08-16 01:00:00,19.6,17.6,21.8,19.6,18.4,93,82,99,369.6,3,4.8,10.2,12.7,0,12.7,61,5823.1,0.3,7.2,263,1021.9,1021.1,1022.7,1005.2
2023-08-17 01:00:00,20.7,15.4,26.9,20.7,18.8,90,70,99,836.8,8,0,0,12.7,0,12.7,61,5823.1,0.9,13,267,1018.7,1016.8,1021.5,1002.1
2023-08-18 01:00:00,21.8,15.2,32.5,22.5,19.1,86,40,99,960,9,0,0,0,0,12.7,61,5823.1,0.7,13,254,1015.9,1013.7,1019.4,999.3
2023-08-19 01:00:00,22.3,16.3,29.2,23.2,19.8,87,64,99,811.2,7,0,0,0,0,0,61,5823.1,1.1,11.1,165,1022,1019,1025.5,1005.4
2023-08-20 01:00:00,21.7,17.6,26.8,21.7,20,91,74,99,789.9,7,0,0,0,0,0,61,5823.1,0.8,7.2,218,1026.3,1024.3,1028.9,1009.7
2023-08-21 01:00:00,22.5,17.8,29.5,23,20.2,88,66,99,842.9,8,0,0,0,0,0,61,5823.1,1.1,13,325,1026.1,1024.1,1028.4,1009.5
2023-08-22 01:00:00,22.2,16.9,30.3,23.1,20.1,89,68,99,784.3,7,0,0,0,0,0,61,5823.1,0.6,9.3,162,1023.5,1020.8,1026.1,1006.9
2023-08-23 01:00:00,26.3,18.3,40.4,29.1,22.2,82,32,99,686.7,6,4.8,1,1,0,1,62,5824.1,1.1,14.8,124,1018.1,1015.4,1022.8,1001.5
2023-08-24 01:00:00,23,17.9,30.6,23.6,20.5,87,61,99,777,7,0,0,1,0,1,62,5824.1,3.6,20.1,295,1018.2,1014.7,1021.7,1001.6
2023-08-25 01:00:00,18.9,15.8,21.5,18.9,18.1,95,86,99,317.9,3,12.6,13.5,13,0,14.5,75.5,5837.6,1,11.1,243,1021.9,1020.5,1023.3,1005.3
2023-08-26 01:00:00,16,13.6,19.6,16,15.5,97,80,99,563.8,5,15.6,10.9,24.2,0.3,0.3,86.7,5848.8,0.9,13,305,1021,1019.9,1022.7,1004.4
2023-08-27 01:00:00,16.3,13.5,20.6,16.3,14.6,90,72,99,886.7,8,47.4,25.4,49.8,0.5,25.9,112.3,5874.4,3.3,23.8,337,1024.9,1021.4,1028,1008.3
2023-08-28 01:00:00,17.4,15.6,21.3,17.4,16.4,94,82,99,895.8,8,24.6,34.5,83.8,0,59.9,146.3,5908.4,3.7,20.1,331,1025.3,1024.1,1027.2,1008.7
2023-08-29 01:00:00,17.4,14,21.7,17.4,15.9,91,68,99,858.4,8,24.6,18.1,101.9,2,77.7,164.1,5926.2,1.6,14.8,35,1022.4,1020.2,1025.1,1005.8
2023-08-30 01:00:00,17,13.1,21.5,17,15.6,92,69,99,913.1,8,6,5.3,3.3,0,81,167.4,5929.5,1.8,14.8,318,1021.9,1019.8,1023.6,1004.4
2023-08-31 01:00:00,19.5,12.9,27.3,19.5,17.4,89,62,99,856.4,8,0,0,3.3,0,81,0,5929.5,1.2,11.1,219,1022.6,1021.5,1023.6,1005.1
2023-09-01 01:00:00,20.3,16.9,24.8,20.3,18.4,90,69,99,805.1,7,6,4.1,4.1,0,85.1,4.1,5933.6,0.8,11.1,320,1020.3,1018.2,1022.6,1002.7
2023-09-02 01:00:00,18,14.8,22.1,18,17.4,96,83,99,304.9,2,29.4,9.4,13.5,0,0,13.5,5943,0.4,7.2,158,1020.1,1018.6,1023,1002.6
2023-09-03 01:00:00,20.6,13.1,28.9,20.8,17.3,83,50,99,718.4,6,1.2,0.2,13.7,0,0.2,13.7,5943.2,2.8,46,126,1020.4,1015.5,1023.1,1002.9
2023-09-04 01:00:00,24.2,17.1,30.3,24.6,18.6,73,50,99,504,4,84,18.6,18.8,0.2,19,32.5,5962,3,36.7,150,1016.8,1015.1,1018.6,999.3
2023-09-05 01:00:00,23.5,15.9,33.3,23.9,17.8,75,35,99,682.8,6,0,0.2,18.8,0,19,32.5,5962,1.8,20.1,168,1019.1,1017.2,1021.1,1001.6
2023-09-06 01:00:00,22.3,16.9,29.7,23.1,19.7,86,63,99,668,6,0,0,0,0,19,32.5,5962,1,11.1,186,1020.4,1019.5,1021.3,1002.9
2023-09-07 01:00:00,23.2,18.1,31.3,24.3,20.4,86,57,99,700.5,6,0,0,0,0,19,32.5,5962,1.3,13,121,1019.7,1018.2,1022.3,1002.1
2023-09-08 01:00:00,22.8,17.9,32.9,24.1,20.5,88,57,99,664.2,6,39.6,16,16,0,35,48.5,5978,0.8,13,162,1019.6,1017.8,1021.9,1002.1
2023-09-09 01:00:00,22.8,19,27.8,23.1,21.4,92,77,99,694.9,6,0,0,16,0,0,48.5,5978,1.3,11.1,251,1019,1017.4,1021.4,1001.5
2023-09-10 01:00:00,21.7,18.2,26,21.7,20.5,93,81,99,701.5,6,76.2,14.5,14.5,0,14.5,63,5992.5,1,11.1,232,1020.9,1019.4,1021.7,1003.4
2023-09-11 01:00:00,19.9,16.7,26.7,19.9,19.1,95,73,99,670.6,6,30.6,15.5,30,0,30,78.5,6000,1.1,14.8,93,1020,1018.5,1022,1002.5
2023-09-12 01:00:00,18.5,16.8,22.4,18.5,18,97,82,99,961.3,9,59.4,35,65.3,0.3,65.3,113.8,6000,0.6,13,216,1023.3,1020.8,1025.9,1005.8
2023-09-13 01:00:00,18.7,14.7,22.9,18.7,17.5,93,77,99,756,7,4.8,1.3,66.3,0,66.3,114.8,6000,0.8,11.1,167,1026.4,1025.1,1027.5,1008.9
2023-09-14 01:00:00,19.7,14.6,25.8,19.7,17.6,89,66,99,632.8,6,0,0,66.3,0,66.3,114.8,6000,1.1,13,174,1022.9,1018.6,1026.8,1005.4
2023-09-15 01:00:00,20.2,14.9,26.7,20.2,17.6,87,53,99,296.2,2,4.8,1,0.8,0,67.3,115.8,6000,1.4,27.7,143,1014.5,1012.6,1018.7,997
2023-09-16 01:00:00,21.1,16.6,27.7,21.1,17.4,81,54,99,773.9,7,1.8,0.3,0.5,0,0,116.1,6000,2.1,31.4,133,1012.5,1010.6,1014.7,995
2023-09-17 01:00:00,21.5,14.9,28.3,21.5,14.4,67,33,97,782.1,7,0,0,0,0,0,116.1,6000,3.4,29.5,165,1013.3,1011.1,1015.7,995.8
2023-09-18 01:00:00,20.6,17,24.1,20.6,15.2,72,56,99,748.3,7,13.8,11.9,11.9,0,11.9,128,6000,4.9,48,285,1020.8,1014.5,1026.4,1003.3
2023-09-19 01:00:00,18.6,14.7,25.2,18.6,17,91,72,99,763,7,1.8,0.3,12.2,0,12.2,128.3,6000,0.6,9.3,141,1023.3,1019.2,1026.2,1005.8
2023-09-20 01:00:00,19.2,12.7,26.2,19.2,15.8,84,41,99,755.7,7,0,0,0,0,12.2,128.3,6000,2.9,36.7,213,1014.7,1008,1019.8,997.2
2023-09-21 01:00:00,17.6,11.1,23.4,17.6,13.4,78,46,98,598.6,5,15.6,21.1,21.1,0,33.3,149.4,6000,4.5,42.2,263,1011.5,1006.9,1015.1,994
2023-09-22 01:00:00,,,,,,,,,,,,,,,,,,,,,,,,
2023-09-23 01:00:00,,,,,,,,,,,,,,,,,,,,,,,,
2023-09-24 01:00:00,,,,,,,,,,,,,,,,,,,,,,,,
2023-09-25 01:00:00,,,,,,,,,,,,,,,,,,,,,,,,
2023-09-26 01:00:00,,,,,,,,,,,,,,,,,,,,,,,,
2023-09-27 01:00:00,,,,,,,,,,,,,,,,,,,,,,,,
2023-09-28 01:00:00,,,,,,,,,,,,,,,,,,,,,,,,
2023-09-29 01:00:00,,,,,,,,,,,,,,,,,,,,,,,,
2023-09-30 01:00:00,,,,,,,,,,,,,,,,,,,,,,,,
2023-10-01 01:00:00,,,,,,,,,,,,,,,,,,,,,,,,
2023-10-02 01:00:00,,,,,,,,,,,,,,,,,,,,,,,,
2023-10-03 01:00:00,,,,,,,,,,,,,,,,,,,,,,,,
2023-10-04 01:00:00,,,,,,,,,,,,,,,,,,,,,,,,
2023-10-05 01:00:00,,,,,,,,,,,,,,,,,,,,,,,,
2023-10-06 01:00:00,,,,,,,,,,,,,,,,,,,,,,,,
2023-10-07 01:00:00,,,,,,,,,,,,,,,,,,,,,,,,
2023-10-08 01:00:00,,,,,,,,,,,,,,,,,,,,,,,,
2023-10-09 01:00:00,,,,,,,,,,,,,,,,,,,,,,,,
2023-10-10 01:00:00,,,,,,,,,,,,,,,,,,,,,,,,
2023-10-11 01:00:00,,,,,,,,,,,,,,,,,,,,,,,,
2023-10-12 01:00:00,22.5,17.6,28.5,22.5,13.9,62,30,89,14.3,0,0,0,0,0,0.8,16,6000,2.3,21.9,145,1020.4,1019.6,1021.1,1002.9
2023-10-13 01:00:00,22.5,17.2,29,22.5,13.7,63,29,98,174.8,1,1.8,0.3,0.3,0,1.1,16.3,6000,3,27.7,158,1020.6,1017.9,1023.8,1003.6
2023-10-14 01:00:00,16.1,13.8,17.5,16.1,15.9,99,98,99,215.6,2,24.6,31.5,31.5,0,0,47.8,6000,0.4,9.3,194,1025.2,1022.5,1027.5,1009.4
2023-10-15 01:00:00,15.2,11.5,19,15.2,14.2,94,78,99,272.3,2,1.8,0.8,31.8,0,0.8,48.6,6000,0.8,14.8,142,1020.8,1014.7,1026.1,1005
2023-10-16 01:00:00,18.8,12,25.3,18.8,14.6,79,56,99,484.4,4,0,0,0,0,0.8,48.6,6000,2.4,23.8,175,1012.4,1010,1014.9,996.6
2023-10-17 01:00:00,,,,,,,,,,,,,,,,,,,,,,,,
2023-10-18 01:00:00,23.2,20.3,26,23.2,14.8,60,48,77,610.3,5,1.8,0.5,0.3,0,1.3,49.1,6000,9,68.1,217,1002.7,997.1,1004.8,986.9
2023-10-19 01:00:00,18.7,12.4,22.3,18.7,13.2,72,52,99,601.2,5,4.2,1.7,1.7,0,3,50.8,6000,8.4,53.3,194,991.4,986.8,999.3,975.6
2023-10-20 01:00:00,14.8,10.1,17.6,14.8,10.6,76,60,91,530.9,5,7.2,10,11.7,0,13,60.8,6000,8.1,46,290,996.9,985.9,1006.8,981.1
2023-10-21 01:00:00,12.3,5.8,19.4,12.3,8.6,81,43,99,553.1,5,0,0,11.7,0,0,60.8,6000,1.5,16.6,144,1009.8,1006.2,1013.3,994
2023-10-22 01:00:00,14.4,7.8,22.7,14.4,10.3,79,43,99,540,5,4.8,1.8,2,1.8,2,62.8,6000,1.1,13,138,1009.5,1005.9,1012.8,993.7
2023-10-23 01:00:00,,,,,,,,,,,,,,,,,,,,,,,,
2023-10-24 01:00:00,,,,,,,,,,,,,,,,,,,,,,,,
2023-10-25 01:00:00,,,,,,,,,,,,,,,,,,,,,,,,
2023-10-26 01:00:00,,,,,,,,,,,,,,,,,,,,,,,,
2023-10-27 01:00:00,13.2,8.8,17.4,13.2,9.1,79,52,98,17.7,0,0,3.8,40.4,0,65.2,126,6000,3.5,27.7,156,1019.4,1008.6,1021.5,993.1
2023-10-28 01:00:00,18.7,14.2,21.2,18.7,11.5,64,54,97,426.3,14,0,0,0,0,0,126,6000,11.8,55,209,1018.2,1016,1021.5,988
2023-10-29 01:00:00,16,12.3,20,16,13.3,85,61,99,322.2,3,13.8,13.2,12.9,0,13.2,139.2,6000,3.4,62.3,231,1019.7,1016.1,1021.4,987.3
2023-10-30 01:00:00,14.3,10.1,21.1,14.3,11,83,43,99,415.6,4,9,2.5,2,0,15.7,141.7,6000,1.6,23.8,200,1022.8,1019.7,1028.6,991.4
2023-10-31 01:00:00,14.5,6.5,19.5,14.5,8.3,69,50,97,404.2,3,0,0,2,0,15.7,0,6000,6.1,55,175,1023.7,1014.6,1032.3,999.3
2023-11-01 01:00:00,17.3,12.1,21,17.3,10.8,67,50,99,442.5,4,27.6,12.5,12.2,0,28.2,12.5,6000,10.9,66.3,205,1013.2,1002.1,1020.7,992.4
2023-11-02 01:00:00,11.7,7.6,21.1,11.7,7.5,77,51,98,379.1,3,28.8,58.1,56.6,0,86.3,70.6,6000,6.3,48,297,1014.4,1002.2,1022.6,985.8
2023-11-03 01:00:00,11.5,9,15.7,11.3,7.5,78,53,98,461.9,4,9,19.3,14.2,0.2,105.8,90.1,6000,7.4,56.8,289,1021,1013.3,1025.9,989.9
2023-11-04 01:00:00,16.4,13.4,20.3,16.4,10.3,69,42,98,430.7,4,12.6,14.8,19.1,0,0,104.7,6000,10.2,73.4,216,1014.6,1003.5,1025.2,978.2
2023-11-05 01:00:00,13.6,8.1,17.9,13.6,8.4,73,52,99,473.7,4,33.6,16.5,16.5,0,16.5,121.2,6000,2.6,25.6,202,1026.8,1020.5,1035.9,992.1
2023-11-06 01:00:00,10.3,4.8,15.4,10.3,6.8,80,54,99,452,4,1.8,0.3,16.8,0,16.8,121.5,6000,2.4,21.9,147,1025.6,1020.2,1032.4,1003.9
2023-11-07 01:00:00,9.3,3.6,15.3,9.3,6.2,83,53,99,423.3,4,7.8,4.1,4.1,0,20.9,125.6,6000,2.5,29.5,173,1022.9,1020.3,1024.3,1008.2
2023-11-08 01:00:00,13.6,5.4,18.3,13.5,8.1,72,54,99,475.4,4,16.8,7.8,11.9,7.8,33,137.7,6000,7.8,56.8,195,1019.3,1016.5,1023.4,1004.4
2023-11-09 01:00:00,12.9,10.2,17.4,12.9,9.9,83,59,99,497.5,4,9,16.2,20.3,0,41.4,146.1,6000,2.4,23.8,264,1019.6,1017.4,1022.2,1004.3
2023-11-10 01:00:00,11.6,10.4,12.8,11.6,11.4,99,97,99,133.6,1,21.6,30.4,21.3,1.1,72.9,177.6,6000,0.6,13,132,1018.4,1015.4,1020.7,1003.1
2023-11-11 01:00:00,15.3,11.7,21.2,15.3,14.9,98,79,99,449.8,4,7.2,18.8,23.1,0,0,195.3,6000,0.7,9.3,142,1017.6,1014.8,1021.1,999.6
2023-11-12 01:00:00,17.3,11.3,23.2,17.3,13.6,81,47,99,393.4,3,1.8,0.3,5.1,0,0.3,195.6,6000,3.1,43.9,163,1021.7,1019.2,1025.7,1004.1
2023-11-13 01:00:00,22.2,15.6,24.5,22.2,14,60,51,76,445.9,14,0,0,0,0,0.3,195.6,6000,10.5,43.9,208,1020.7,1018.8,1023.4,1005.2
2023-11-14 01:00:00,18,13.7,23.7,18,13.6,78,50,99,402.1,3,13.8,11.4,11.7,0.3,12,207.3,6000,5.1,42.2,288,1023.4,1020.5,1027,1009.2
2023-11-15 01:00:00,15.8,13,21.9,15.8,14.1,91,64,99,392.6,3,1.8,0.8,12.2,0,12.5,207.8,6000,1.6,36.7,159,1021,1013.1,1027.5,1010.9
2023-11-16 01:00:00,15.8,12.3,21.9,15.8,13.8,89,62,99,90.2,0,4.8,4.8,4.1,0,17.3,212.6,6000,3.2,29.5,278,1019,1011.8,1023.9,1011
2023-11-17 01:00:00,12,7.4,19.4,12,10.5,91,66,99,317.5,3,1.8,0.3,0.5,0,17.6,212.9,6000,0.7,9.3,177,1020.7,1017.8,1023.9,1013.8
2023-11-18 01:00:00,12.7,8.3,21.6,12.7,10.9,90,66,99,1533.5,14,1.8,0.3,0.3,0,0,213.2,6000,1,7.2,169,1018.7,1015.5,1021.1,1011.4
2023-11-19 01:00:00,13.2,8.1,20.8,13.2,11.8,92,70,99,608.6,5,1.8,0.3,0.3,0,0.3,213.5,6000,1.1,11.1,153,1020.1,1018.5,1021.3,1011.2
2023-11-20 01:00:00,12.1,9.9,13.8,12.1,11.8,98,86,99,162.6,1,18.6,23.3,20.3,2.3,25.9,239.1,6000,1.9,20.1,300,1020.4,1019,1021.8,1011.4
2023-11-21 01:00:00,10.4,9.5,13.4,10.4,9.9,97,80,99,465,4,58.2,65.1,52.1,0.5,89.2,302.4,6000,3.3,21.9,331,1021.4,1019.5,1023.2,1013.3
2023-11-22 01:00:00,10.3,6.1,12.7,10.3,9.9,98,88,99,360.9,3,10.8,14.2,43.7,0,102.9,316.1,6000,0.5,13,143,1022.3,1019.6,1025.6,1017.5
2023-11-23 01:00:00,9,5.3,15.4,9,7.3,91,61,99,806,7,0,0,1,0,102.9,316.1,6000,0.9,13,160,1020.3,1017,1024.1,1018.6
2023-11-24 01:00:00,11.2,8.2,15.5,11.2,10.2,94,77,99,393.8,3,1.8,0.5,0.5,0,103.4,316.6,6000,0.4,7.2,228,1016.7,1013.3,1021,1011.8
2023-11-25 01:00:00,11.2,8.5,14.2,11.2,10.2,94,82,99,308.8,3,0,0,0,0,0,316.6,6000,0.7,9.3,162,1018.3,1015.5,1021,1007.4
2023-11-26 01:00:00,7.6,2.7,14.6,7.6,6.4,93,62,99,281.9,2,1.8,0.3,0.3,0,0.3,316.9,6000,0.8,7.2,210,1019.9,1018.3,1022.1,1005.4
2023-11-27 01:00:00,11.5,8,13.9,11.5,10.8,96,82,99,96.3,0,10.8,19.3,14.5,0,19.6,336.2,6000,3.7,25.6,277,1019.9,1018.1,1021.3,1002.9
2023-11-28 01:00:00,12,11.3,12.7,12,11.8,99,96,99,173.5,1,7.8,22.9,31.8,0.2,42.7,359.3,6000,1.7,18.3,310,1019,1016.5,1020.9,1000.1
2023-11-29 01:00:00,14.1,9.1,19.9,14.1,12,89,64,99,324.4,3,15,6.1,7.1,6.1,50.1,366.7,6000,3.4,40.4,167,1016.1,1008.3,1021,989.9
2023-11-30 01:00:00,10.4,7.8,14,10.4,10.1,98,91,99,75.8,0,16.8,55.6,30.5,0,99.6,0,6000,1.5,18.3,295,1020.3,1019,1022,988.9
2023-12-01 01:00:00,8.4,4.1,13.6,8.3,6.8,90,62,99,367.4,3,13.8,14.5,26.9,1,115.1,15.5,6000,2.5,27.7,247,1021.6,1018.3,1029.7,990.4
2023-12-02 01:00:00,7.3,2.3,11.7,7.2,6.6,95,75,99,395.1,3,12.6,22.4,29.2,0,0,36.9,6000,2.1,21.9,307,1027.9,1020.4,1038.3,1005.9
2023-12-03 01:00:00,8.8,1.5,14.5,8.8,3.8,74,48,99,308.4,3,1.8,0.7,5.3,0,0.7,37.6,6000,8.3,55,190,1019,1011.6,1023.8,1004.1
2023-12-04 01:00:00,11.8,7.5,14.9,11.6,7,74,56,94,305.8,2,9,13.5,16,2.8,17,53.9,6000,9,51.5,272,1019,1010.4,1029,1000.8
2023-12-05 01:00:00,8.8,5.5,12.1,8.7,6,83,65,98,220.3,2,4.8,4.3,17.5,0,18.5,55.4,6000,1.7,20.1,169,1023.5,1017.6,1029.4,1007.4
2023-12-06 01:00:00,6.1,1.5,15,6.1,4.3,90,55,99,467.2,4,0,0,0,0,18.5,55.4,6000,0.5,11.1,176,1019,1015.7,1022,1004
2023-12-07 01:00:00,15,9.9,17.2,15,7.8,65,32,99,133.9,1,19.8,9.4,9.1,0,27.9,64.8,6000,9.1,48,208,1019.2,1015.3,1023.3,999.8
2023-12-08 01:00:00,10.9,7.6,14.8,10.8,7.5,81,60,99,363.9,3,10.8,5.8,14.9,0,33.7,70.6,6000,2.8,23.8,36,1023.5,1019.5,1029.2,1006.6
2023-12-09 01:00:00,15.7,9,22.3,15.7,10.5,74,46,99,328.4,3,6.6,8.9,8.9,0,0,79.5,6000,4,31.4,203,1021.9,1016.1,1029.7,1006.4
2023-12-10 01:00:00,16,8.2,21.3,16,12.1,80,56,99,204.3,2,1.2,0.2,9.1,0,0.2,79.7,6000,4.1,29.5,173,1022.6,1018.6,1028.9,1006.9
2023-12-11 01:00:00,18.3,12.9,21,18.3,11.2,64,52,89,142.6,1,0,0,0,0,0.2,79.7,6000,6.7,46,185,1019.2,1017.6,1021.1,1003.8
2023-12-12 01:00:00,13.9,11,19.8,13.9,12.2,91,56,99,138.4,1,22.8,19.3,10.2,0,19.5,99,6000,2.5,38.5,138,1018.3,1016.5,1020.8,1001.2
2023-12-13 01:00:00,10.1,8.8,11.8,9.7,7.7,85,68,99,271.1,2,13.8,22.9,20.3,0.2,42.6,122.1,6000,7.1,36.7,310,1021.8,1017.8,1028.8,1004.7
2023-12-14 01:00:00,10,8,11.6,10,8.4,90,70,97,284.6,2,12.6,6.8,25.4,0,49.2,128.7,6000,2.4,18.3,334,1027.1,1020.4,1036,1018.5
2023-12-15 01:00:00,10.8,8,15.7,10.8,9.8,94,77,99,402.5,3,6,7.9,7.8,1,58.1,137.6,6000,0.9,9.3,218,1023.8,1019.6,1029.7,1026.6
2023-12-16 01:00:00,8.3,1.9,15,8.3,6.8,91,67,99,249.4,2,3,2.2,2.2,0,0,138.8,6000,1.2,16.6,159,1019.8,1017.2,1021.9,1026.1
2023-12-17 01:00:00,4.3,0,14.5,4.3,3,93,63,99,278.4,2,1.8,0.3,0.3,0,0.3,139.1,6000,0.8,7.2,178,1019.2,1016.9,1021.8,1023.8
2023-12-18 01:00:00,5.2,-0.2,13.9,5.2,4.1,94,70,99,310.6,3,1.8,0.3,0.3,0,0.6,139.4,6000,0.7,7.2,177,1020.2,1017.7,1022.1,1023.9
2023-12-19 01:00:00,8.5,3.8,12.9,8.5,6.6,89,65,99,268.5,2,3,1.5,2.8,1.3,3.4,142.2,6000,1.2,14.8,190,1018.4,1016.8,1021.2,1020.5
2023-12-20 01:00:00,9.9,8.8,12,9.8,9.2,95,77,99,202.1,1,15.6,24.2,20.6,0,26.3,165.1,6000,3.7,20.1,319,1019.7,1016.7,1023.5,1021.6
2023-12-21 01:00:00,11.7,9.4,13.6,11.7,9.4,86,77,99,104.1,1,3,1.3,6.4,0.3,27.9,166.7,6000,6.2,23.8,300,1018.7,1016.6,1021.2,1019.9
2023-12-22 01:00:00,11,10.2,12.9,11,9.9,93,82,98,308.4,3,3,3.8,2.5,0,31.4,170.2,6000,3,23.8,329,1020.4,1019.4,1021.9,1020.4
2023-12-23 01:00:00,8.9,3.7,13,8.9,8,94,80,99,191.7,1,3,2,2.8,0,0,172.2,6000,0.7,16.6,121,1019,1017.9,1021,1018.1
2023-12-24 01:00:00,6.4,1.7,16.3,6.4,5.2,93,63,99,506.2,4,1.8,0.3,0.3,0.3,0.6,172.8,6000,0.9,9.3,165,1018.3,1015.4,1020.9,1013.6
2023-12-25 01:00:00,6,1.1,16.7,6,3.7,88,44,99,437.2,4,1.8,0.5,0.3,0,0.8,173,6000,0.9,9.3,169,1019.4,1018.1,1020.9,1011
2023-12-26 01:00:00,5.8,0.5,17,5.8,3.9,89,51,99,267.6,2,0,0,0,0,0.8,173,6000,1.3,13,154,1019.1,1016.1,1022.7,1010.4
2023-12-27 01:00:00,8.5,1.2,19.4,8.5,4.6,81,23,98,264.1,2,1.8,0.3,0.3,0,1.1,173.3,6000,3.5,42.2,119,1018,1011.9,1024.8,1006.1
2023-12-28 01:00:00,12,7.4,18.7,12,8.2,79,55,99,136.7,1,1.8,0.3,0.3,0,1.4,173.6,6000,4.2,42.2,155,1022.9,1019.9,1025.2,1009.3
2023-12-29 01:00:00,9.7,5.7,14.7,9.7,9.2,97,82,99,261.6,2,3,0.5,0.5,0,1.9,174.1,6000,0.4,7.2,136,1020.7,1018.4,1024,1010
2023-12-30 01:00:00,11,3.1,17,11,5.8,74,49,99,261.1,2,1.8,0.3,0.3,0,0,174.4,6000,6.6,51.5,185,1016.1,1011,1020.9,1003.8
2023-12-31 01:00:00,9.7,5.5,15.6,9.7,6.4,81,52,99,322.2,3,7.8,7.1,7.1,0,7.1,0,6000,3.5,53.3,197,1019.4,1011.6,1024,1003.7
